-- Adminer 4.8.1 MySQL 5.7.11 dump

SET NAMES utf8;
SET time_zone = '+00:00';
SET foreign_key_checks = 0;
SET sql_mode = 'NO_AUTO_VALUE_ON_ZERO';

SET NAMES utf8mb4;

DROP TABLE IF EXISTS `admins`;
CREATE TABLE `admins` (
  `id` bigint(20) unsigned NOT NULL AUTO_INCREMENT,
  `LastName` varchar(255) COLLATE utf8mb4_unicode_ci DEFAULT NULL,
  `email` varchar(255) COLLATE utf8mb4_unicode_ci NOT NULL,
  `email_verified_at` timestamp NULL DEFAULT NULL,
  `password` varchar(255) COLLATE utf8mb4_unicode_ci NOT NULL,
  `is_active` tinyint(1) NOT NULL DEFAULT '1',
  `remember_token` varchar(100) COLLATE utf8mb4_unicode_ci DEFAULT NULL,
  `created_at` timestamp NULL DEFAULT NULL,
  `updated_at` timestamp NULL DEFAULT NULL,
  `FirstName` varchar(255) COLLATE utf8mb4_unicode_ci NOT NULL,
  `title` varchar(255) COLLATE utf8mb4_unicode_ci NOT NULL,
  `is_blocked` int(11) NOT NULL,
  PRIMARY KEY (`id`),
  UNIQUE KEY `admins_email_unique` (`email`)
) ENGINE=InnoDB DEFAULT CHARSET=utf8mb4 COLLATE=utf8mb4_unicode_ci;

INSERT INTO `admins` (`id`, `LastName`, `email`, `email_verified_at`, `password`, `is_active`, `remember_token`, `created_at`, `updated_at`, `FirstName`, `title`, `is_blocked`) VALUES
(4,	'ADMIN',	'furina200337@gmail.com',	NULL,	'$2y$12$2DNkyD01CQjLCSjSc1z7aOW.oEXxEL3Sqm5tqWXAj6S9WUmGsxL4e',	1,	NULL,	'2024-04-23 06:23:57',	'2024-04-23 06:23:57',	'',	'總管理員',	0),
(12,	'謝',	'kasper1116.kh@gmail.com',	NULL,	'$2y$12$YU4iELWkFzHQonP0i6Lt0O8QXZCwMHVeVXN3Q5c8/Q6WGtme/zniC',	1,	NULL,	'2024-05-28 04:19:50',	'2024-05-28 04:19:50',	'東霖',	'搭配專員',	0),
(13,	'陳',	'my650441@gmail.com',	NULL,	'$2y$12$y/Tgr3nHbuKabk5FlsZDt.yK5TXHgJzzvrkED648ktDZ0d9L4hMQC',	1,	NULL,	'2024-06-06 00:44:28',	'2024-06-06 00:44:28',	'義達',	'訂單管理員',	0);

DROP TABLE IF EXISTS `cart_items`;
CREATE TABLE `cart_items` (
  `id` bigint(20) unsigned NOT NULL AUTO_INCREMENT,
  `user_id` bigint(20) unsigned NOT NULL,
  `product_id` bigint(20) unsigned NOT NULL,
  `quantity` int(11) NOT NULL,
  `created_at` timestamp NULL DEFAULT NULL,
  `updated_at` timestamp NULL DEFAULT NULL,
  `size` varchar(255) COLLATE utf8mb4_unicode_ci NOT NULL,
  `color` varchar(255) COLLATE utf8mb4_unicode_ci NOT NULL,
  PRIMARY KEY (`id`)
) ENGINE=InnoDB DEFAULT CHARSET=utf8mb4 COLLATE=utf8mb4_unicode_ci;


DROP TABLE IF EXISTS `categories`;
CREATE TABLE `categories` (
  `id` bigint(20) unsigned NOT NULL AUTO_INCREMENT,
  `name` varchar(255) COLLATE utf8mb4_unicode_ci NOT NULL,
  `created_at` timestamp NULL DEFAULT NULL,
  `updated_at` timestamp NULL DEFAULT NULL,
  `category_id` varchar(255) COLLATE utf8mb4_unicode_ci DEFAULT NULL,
  `image_position` int(11) NOT NULL,
  `is_shelf` int(11) NOT NULL,
  PRIMARY KEY (`id`)
) ENGINE=InnoDB DEFAULT CHARSET=utf8mb4 COLLATE=utf8mb4_unicode_ci;

INSERT INTO `categories` (`id`, `name`, `created_at`, `updated_at`, `category_id`, `image_position`, `is_shelf`) VALUES
(1,	'頭部飾品',	NULL,	NULL,	NULL,	-1,	0),
(2,	'衣類',	NULL,	NULL,	NULL,	-1,	0),
(3,	'褲裙',	NULL,	NULL,	NULL,	-1,	0),
(4,	'襪類',	NULL,	NULL,	NULL,	-1,	0),
(5,	'鞋類',	NULL,	NULL,	NULL,	-1,	0),
(6,	'短袖T-Shirt',	'2024-03-17 19:25:15',	'2024-03-17 19:25:15',	'2',	1,	0),
(7,	'毛衣',	'2024-03-17 19:25:53',	'2024-03-17 19:25:53',	'2',	1,	0),
(8,	'運動外套',	'2024-03-17 19:26:05',	'2024-03-17 19:26:05',	'2',	1,	0),
(9,	'一般外套',	'2024-03-17 19:26:09',	'2024-03-17 19:29:42',	'2',	1,	0),
(10,	'特殊風格',	'2024-03-17 19:30:10',	'2024-03-17 19:31:24',	'2',	1,	0),
(11,	'防寒外套',	'2024-03-17 19:30:27',	'2024-03-17 19:30:27',	'2',	1,	0),
(12,	'長袖上衣',	'2024-03-17 19:30:28',	'2024-03-17 19:31:54',	'2',	1,	0),
(13,	'運動長褲',	'2024-03-17 19:37:05',	'2024-03-17 19:37:05',	'3',	2,	0),
(14,	'運動短褲',	'2024-03-17 19:37:06',	'2024-03-17 19:38:16',	'3',	2,	0),
(15,	'牛仔褲',	'2024-03-17 19:38:48',	'2024-03-17 19:38:48',	'3',	2,	0),
(16,	'卡其褲',	'2024-03-17 19:38:49',	'2024-03-17 19:39:12',	'3',	2,	0),
(17,	'運動褲',	'2024-03-27 19:40:44',	'2024-03-27 19:40:44',	'3',	2,	0),
(18,	'蘿莉塔襪',	'2024-05-24 07:51:45',	'2024-05-24 07:51:45',	'4',	3,	0),
(19,	'蘿莉塔鞋',	'2024-05-24 07:57:07',	'2024-05-24 07:57:07',	'5',	4,	0),
(20,	'帽子',	'2024-06-05 23:00:35',	'2024-06-05 23:00:35',	'1',	0,	0),
(22,	'皮鞋',	'2024-06-05 23:19:29',	'2024-06-05 23:19:29',	'5',	4,	1),
(23,	'運動長襪',	'2024-06-05 23:21:55',	'2024-06-05 23:21:55',	'4',	3,	1),
(24,	'短襪',	'2024-06-05 23:22:06',	'2024-06-05 23:22:06',	'4',	3,	1),
(25,	'西裝褲',	'2024-06-05 23:40:04',	'2024-06-05 23:40:04',	'3',	2,	1),
(26,	'西裝外套',	'2024-06-05 23:42:31',	'2024-06-05 23:42:31',	'2',	1,	1),
(27,	'靴子',	'2024-06-06 00:44:04',	'2024-06-06 00:44:04',	'5',	4,	1);

DROP TABLE IF EXISTS `combinations`;
CREATE TABLE `combinations` (
  `id` bigint(20) unsigned NOT NULL AUTO_INCREMENT,
  `staff_id` bigint(20) unsigned NOT NULL,
  `name` varchar(255) COLLATE utf8mb4_unicode_ci NOT NULL,
  `price` int(11) NOT NULL,
  `product_id` bigint(20) unsigned NOT NULL,
  `created_at` timestamp NULL DEFAULT NULL,
  `updated_at` timestamp NULL DEFAULT NULL,
  `is_shelf` int(11) NOT NULL,
  PRIMARY KEY (`id`)
) ENGINE=InnoDB DEFAULT CHARSET=utf8mb4 COLLATE=utf8mb4_unicode_ci;

INSERT INTO `combinations` (`id`, `staff_id`, `name`, `price`, `product_id`, `created_at`, `updated_at`, `is_shelf`) VALUES
(9,	0,	'Nike運動套裝',	1970,	1,	'2024-04-03 01:02:13',	'2024-04-03 01:02:13',	0),
(13,	4,	'ADIDAS運動套裝',	2460,	2,	'2024-05-15 00:18:30',	'2024-05-15 00:18:30',	0),
(14,	4,	'test',	1640,	13,	'2024-05-20 21:52:27',	'2024-05-20 21:52:27',	0),
(18,	4,	'蝴蝶風蘿莉塔',	16299,	14,	'2024-05-30 05:08:53',	'2024-05-30 05:08:53',	0),
(21,	4,	'西裝套裝',	2696,	24,	'2024-06-11 09:12:38',	'2024-06-11 09:12:38',	1);

DROP TABLE IF EXISTS `combinations_detail`;
CREATE TABLE `combinations_detail` (
  `id` bigint(20) unsigned NOT NULL AUTO_INCREMENT,
  `combination_id` bigint(20) unsigned NOT NULL,
  `product_id` bigint(20) unsigned NOT NULL,
  `created_at` timestamp NULL DEFAULT NULL,
  `updated_at` timestamp NULL DEFAULT NULL,
  PRIMARY KEY (`id`),
  KEY `combination_id` (`combination_id`),
  KEY `product_id` (`product_id`),
  CONSTRAINT `combinations_detail_ibfk_1` FOREIGN KEY (`combination_id`) REFERENCES `combinations` (`id`),
  CONSTRAINT `combinations_detail_ibfk_2` FOREIGN KEY (`product_id`) REFERENCES `products` (`id`)
) ENGINE=InnoDB DEFAULT CHARSET=utf8mb4 COLLATE=utf8mb4_unicode_ci;

INSERT INTO `combinations_detail` (`id`, `combination_id`, `product_id`, `created_at`, `updated_at`) VALUES
(3,	9,	10,	'2024-04-03 01:02:13',	'2024-04-03 01:02:13'),
(4,	9,	6,	'2024-05-05 19:27:08',	'2024-05-05 19:27:08'),
(9,	13,	5,	'2024-05-15 00:18:30',	'2024-05-15 00:18:30'),
(10,	14,	10,	'2024-05-20 21:52:27',	'2024-05-20 21:52:27'),
(15,	18,	15,	'2024-05-30 05:08:53',	'2024-05-30 05:08:53'),
(16,	18,	16,	'2024-05-30 05:08:53',	'2024-05-30 05:08:53'),
(23,	21,	25,	'2024-06-11 09:12:38',	'2024-06-11 09:12:38'),
(24,	21,	23,	'2024-06-11 09:12:38',	'2024-06-11 09:12:38'),
(25,	21,	26,	'2024-06-11 09:12:38',	'2024-06-11 09:12:38');

DROP TABLE IF EXISTS `failed_jobs`;
CREATE TABLE `failed_jobs` (
  `id` bigint(20) unsigned NOT NULL AUTO_INCREMENT,
  `uuid` varchar(255) COLLATE utf8mb4_unicode_ci NOT NULL,
  `connection` text COLLATE utf8mb4_unicode_ci NOT NULL,
  `queue` text COLLATE utf8mb4_unicode_ci NOT NULL,
  `payload` longtext COLLATE utf8mb4_unicode_ci NOT NULL,
  `exception` longtext COLLATE utf8mb4_unicode_ci NOT NULL,
  `failed_at` timestamp NOT NULL DEFAULT CURRENT_TIMESTAMP,
  PRIMARY KEY (`id`),
  UNIQUE KEY `failed_jobs_uuid_unique` (`uuid`)
) ENGINE=InnoDB DEFAULT CHARSET=utf8mb4 COLLATE=utf8mb4_unicode_ci;


DROP TABLE IF EXISTS `migrations`;
CREATE TABLE `migrations` (
  `id` int(10) unsigned NOT NULL AUTO_INCREMENT,
  `migration` varchar(255) COLLATE utf8mb4_unicode_ci NOT NULL,
  `batch` int(11) NOT NULL,
  PRIMARY KEY (`id`)
) ENGINE=InnoDB DEFAULT CHARSET=utf8mb4 COLLATE=utf8mb4_unicode_ci;

INSERT INTO `migrations` (`id`, `migration`, `batch`) VALUES
(1,	'2014_10_12_000000_create_users_table',	1),
(2,	'2014_10_12_100000_create_password_reset_tokens_table',	1),
(3,	'2019_08_19_000000_create_failed_jobs_table',	1),
(4,	'2019_12_14_000001_create_personal_access_tokens_table',	1),
(5,	'2024_03_18_031429_create_categories_table',	2),
(6,	'2024_03_18_035120_create_products_table',	3),
(7,	'2024_03_18_114417_create_product_photos_table',	3),
(8,	'2024_03_20_022437_create_tracked_items_table',	4),
(9,	'2024_03_20_022457_create_cart_items_table',	4),
(10,	'2024_03_25_082058_create_orders_table',	5),
(11,	'2024_03_25_083318_create_order_detials_table',	5),
(12,	'2024_03_26_061938_add_is_admin_to_users_table',	6),
(13,	'2024_03_26_214224_create_combinations_table',	7),
(14,	'2024_03_28_025053_combinations_detail',	8),
(15,	'2024_04_04_082655_add_size_column_to_cart_items_table',	9),
(16,	'2024_04_04_082759_add_size_column_to_order_details_table',	9),
(17,	'2024_04_05_111559_add_category_type_to_categories_table',	10),
(18,	'2024_04_23_133307_create_admin_table',	11),
(20,	'2024_04_24_020756_create_stocks_table',	12),
(21,	'2024_04_24_084121_add_color_to_order_detials',	12),
(23,	'2024_04_25_040315_create_specification_table',	13),
(24,	'2024_04_25_141334_add_color_to_cartitem',	14),
(27,	'2024_04_27_063103_create_trial_items_table',	15),
(28,	'2024_05_19_061806_add_title_and_first_name_in_admin_table',	16),
(29,	'2024_05_19_062055_rename_name_in_admins',	16),
(30,	'2024_05_21_122933_add_image_position_to_category',	17),
(31,	'2024_05_24_064735_change_category_table',	18),
(32,	'2024_05_27_073013_add_id_block_for_user',	19),
(33,	'2024_05_27_073040_add_is_block_for_admin',	19),
(34,	'2024_06_04_092208_add_is_shelf_of_category',	20),
(35,	'2024_06_04_092341_add_is_shelf_of_combinations',	20);

DROP TABLE IF EXISTS `orders`;
CREATE TABLE `orders` (
  `id` bigint(20) unsigned NOT NULL AUTO_INCREMENT,
  `user_id` bigint(20) unsigned NOT NULL,
  `amount` int(11) NOT NULL,
  `paymentmethodid` int(11) NOT NULL,
  `status` int(11) NOT NULL,
  `address` varchar(255) COLLATE utf8mb4_unicode_ci NOT NULL,
  `phone` varchar(255) COLLATE utf8mb4_unicode_ci NOT NULL,
  `trains_time` date NOT NULL,
  `comment` varchar(255) COLLATE utf8mb4_unicode_ci NOT NULL,
  `remit` int(11) NOT NULL,
  `staff_id` bigint(20) unsigned NOT NULL,
  `created_at` timestamp NULL DEFAULT NULL,
  `updated_at` timestamp NULL DEFAULT NULL,
  PRIMARY KEY (`id`)
) ENGINE=InnoDB DEFAULT CHARSET=utf8mb4 COLLATE=utf8mb4_unicode_ci;

INSERT INTO `orders` (`id`, `user_id`, `amount`, `paymentmethodid`, `status`, `address`, `phone`, `trains_time`, `comment`, `remit`, `staff_id`, `created_at`, `updated_at`) VALUES
(38,	1,	1580,	2,	0,	'台中市太平區中山路一段87號',	'0912345678',	'2024-06-11',	'',	1,	1,	'2024-06-11 08:27:57',	'2024-06-11 08:27:57');

DROP TABLE IF EXISTS `order_detials`;
CREATE TABLE `order_detials` (
  `id` bigint(20) unsigned NOT NULL AUTO_INCREMENT,
  `order_id` bigint(20) unsigned NOT NULL,
  `product_id` bigint(20) unsigned NOT NULL,
  `quantity` int(11) NOT NULL,
  `created_at` timestamp NULL DEFAULT NULL,
  `updated_at` timestamp NULL DEFAULT NULL,
  `size` varchar(255) COLLATE utf8mb4_unicode_ci NOT NULL,
  `color` varchar(255) COLLATE utf8mb4_unicode_ci NOT NULL,
  PRIMARY KEY (`id`)
) ENGINE=InnoDB DEFAULT CHARSET=utf8mb4 COLLATE=utf8mb4_unicode_ci;

INSERT INTO `order_detials` (`id`, `order_id`, `product_id`, `quantity`, `created_at`, `updated_at`, `size`, `color`) VALUES
(60,	38,	5,	1,	'2024-06-11 08:27:57',	'2024-06-11 08:27:57',	'XL',	'黃');

DROP TABLE IF EXISTS `password_reset_tokens`;
CREATE TABLE `password_reset_tokens` (
  `email` varchar(255) COLLATE utf8mb4_unicode_ci NOT NULL,
  `token` varchar(255) COLLATE utf8mb4_unicode_ci NOT NULL,
  `created_at` timestamp NULL DEFAULT NULL,
  PRIMARY KEY (`email`)
) ENGINE=InnoDB DEFAULT CHARSET=utf8mb4 COLLATE=utf8mb4_unicode_ci;


DROP TABLE IF EXISTS `personal_access_tokens`;
CREATE TABLE `personal_access_tokens` (
  `id` bigint(20) unsigned NOT NULL AUTO_INCREMENT,
  `tokenable_type` varchar(255) COLLATE utf8mb4_unicode_ci NOT NULL,
  `tokenable_id` bigint(20) unsigned NOT NULL,
  `name` varchar(255) COLLATE utf8mb4_unicode_ci NOT NULL,
  `token` varchar(64) COLLATE utf8mb4_unicode_ci NOT NULL,
  `abilities` text COLLATE utf8mb4_unicode_ci,
  `last_used_at` timestamp NULL DEFAULT NULL,
  `expires_at` timestamp NULL DEFAULT NULL,
  `created_at` timestamp NULL DEFAULT NULL,
  `updated_at` timestamp NULL DEFAULT NULL,
  PRIMARY KEY (`id`),
  UNIQUE KEY `personal_access_tokens_token_unique` (`token`),
  KEY `personal_access_tokens_tokenable_type_tokenable_id_index` (`tokenable_type`,`tokenable_id`)
) ENGINE=InnoDB DEFAULT CHARSET=utf8mb4 COLLATE=utf8mb4_unicode_ci;


DROP TABLE IF EXISTS `products`;
CREATE TABLE `products` (
  `id` bigint(20) unsigned NOT NULL AUTO_INCREMENT,
  `name` varchar(255) COLLATE utf8mb4_unicode_ci NOT NULL,
  `stock` int(11) NOT NULL,
  `price` int(11) NOT NULL,
  `description` varchar(255) COLLATE utf8mb4_unicode_ci NOT NULL,
  `is_shelf` int(11) NOT NULL,
  `category_id` bigint(20) unsigned NOT NULL,
  `created_at` timestamp NULL DEFAULT NULL,
  `updated_at` timestamp NULL DEFAULT NULL,
  PRIMARY KEY (`id`)
) ENGINE=InnoDB DEFAULT CHARSET=utf8mb4 COLLATE=utf8mb4_unicode_ci;

INSERT INTO `products` (`id`, `name`, `stock`, `price`, `description`, `is_shelf`, `category_id`, `created_at`, `updated_at`) VALUES
(1,	'NIKE T-Shirt',	0,	990,	'NIKE T-Shirt',	1,	6,	'2024-03-18 05:42:04',	'2024-03-18 05:42:04'),
(2,	'ADIDAS T-Shirt',	0,	880,	'ADIDAS T-Shirt',	1,	6,	'2024-03-18 05:45:38',	'2024-03-18 05:45:38'),
(3,	'uniqlo 毛衣',	0,	1100,	'uniqlo 毛衣',	1,	7,	'2024-03-18 05:47:50',	'2024-03-18 05:47:50'),
(4,	'La BellezaV領素色麻花長版針織毛衣',	0,	399,	'La BellezaV領素色麻花長版針織毛衣',	1,	7,	'2024-03-18 20:32:22',	'2024-03-18 20:32:22'),
(5,	'ADIDAS運動外套',	0,	1580,	'ADIDAS運動外套',	1,	8,	'2024-03-18 20:34:27',	'2024-03-18 20:34:27'),
(6,	'NIKE運動外套',	0,	1690,	'NIKE運動外套',	1,	8,	'2024-03-18 20:35:28',	'2024-03-18 20:35:28'),
(7,	'連帽夾克外套',	0,	1580,	'連帽夾克外套',	1,	9,	'2024-03-18 20:37:08',	'2024-03-18 20:37:08'),
(8,	'三合一外套',	0,	13504,	'三合一外套',	1,	9,	'2024-03-18 20:37:58',	'2024-03-18 20:37:58'),
(9,	'小紅帽洛麗塔',	0,	999,	'小紅帽洛麗塔',	1,	10,	'2024-03-18 20:39:30',	'2024-03-18 20:39:30'),
(10,	'Nike 運動束褲',	0,	980,	'Nike 運動束褲',	1,	17,	'2024-03-27 19:41:32',	'2024-03-27 19:41:32'),
(13,	'可瑪莉痛T',	0,	660,	'コマリン！コマリン！',	1,	6,	'2024-04-10 06:53:06',	'2024-04-10 06:53:06'),
(14,	'Butterfly Museum 前開襟JSK',	0,	10999,	'蝴蝶鮮麗的雙翅讓時間彷彿靜止，轉瞬即永恆…\r\n充滿歌德氛圍的Butterfly Museum系列新推出豪華版設計♡\r\n開襟蛋糕裙擺增加層次感、蝴蝶結裝飾得更加華麗，不同配色使三個顏色的風格更加鮮明♪',	1,	10,	'2024-05-23 23:42:08',	'2024-05-23 23:42:08'),
(15,	'愛心鏤空短襪',	0,	800,	'定番款的愛心鏤空膝上襪推出短襪版♪\r\n大大的蝴蝶結和蓬蓬的蕾絲非常可愛♥',	1,	18,	'2024-05-23 23:55:30',	'2024-05-23 23:55:30'),
(16,	'木底風蝴蝶結厚底鞋',	0,	4500,	'木底風的可愛厚底鞋改良版登場！\r\n蝴蝶結鞋夾可拆，非常輕便好穿哦♪',	1,	19,	'2024-05-23 23:58:22',	'2024-05-23 23:58:22'),
(17,	'麗嬰房圓領洋裝',	0,	1606,	'這款服飾充滿俏皮可愛風格，擁有獨特的小圓領片和迷人的荷葉袖，為小女孩增添了一份活潑的甜美氛圍。前腰巧妙地搭配織帶裝飾，不僅點綴了整體造型，更顯得細緻可愛。後腰內夾車鬆緊帶的巧妙設計確保了舒適的穿著體驗，貼心關懷小朋友的活動自由度。此外，後開釘釦的設計方便了穿脫，省去了繁瑣的搭扣困擾。',	1,	10,	'2024-05-28 20:57:25',	'2024-05-28 20:57:25'),
(23,	'舒適男襪 中筒襪',	0,	399,	'舒適觸感 ，吸濕排汗\r\n彈性襪口，耐穿不易滑落，Y型織法，腳跟包覆更服貼',	1,	24,	'2024-06-05 23:30:28',	'2024-06-05 23:30:28'),
(24,	'西裝外套',	0,	799,	'好穿的西裝外套',	1,	26,	'2024-06-05 23:35:50',	'2024-06-05 23:35:50'),
(25,	'西裝褲',	0,	599,	'平價好穿的西裝褲',	1,	25,	'2024-06-05 23:36:35',	'2024-06-05 23:36:35'),
(26,	'皮鞋',	0,	899,	'好看又好穿的皮鞋',	1,	22,	'2024-06-05 23:37:08',	'2024-06-05 23:37:08'),
(27,	'襪子',	0,	399,	'1232132313132',	1,	5,	'2024-06-06 01:23:37',	'2024-06-06 01:23:37');

DROP TABLE IF EXISTS `product_photos`;
CREATE TABLE `product_photos` (
  `id` bigint(20) unsigned NOT NULL AUTO_INCREMENT,
  `product_id` bigint(20) unsigned NOT NULL,
  `file_address` varchar(255) COLLATE utf8mb4_unicode_ci NOT NULL,
  `created_at` timestamp NULL DEFAULT NULL,
  `updated_at` timestamp NULL DEFAULT NULL,
  PRIMARY KEY (`id`)
) ENGINE=InnoDB DEFAULT CHARSET=utf8mb4 COLLATE=utf8mb4_unicode_ci;

INSERT INTO `product_photos` (`id`, `product_id`, `file_address`, `created_at`, `updated_at`) VALUES
(1,	1,	'1710769324.jpg',	'2024-03-18 05:42:04',	'2024-03-18 05:42:04'),
(2,	2,	'1710769538.jpg',	'2024-03-18 05:45:38',	'2024-03-18 05:45:38'),
(3,	3,	'1710769670.jpg',	'2024-03-18 05:47:50',	'2024-03-18 05:47:50'),
(4,	4,	'1710822742.jpg',	'2024-03-18 20:32:23',	'2024-03-18 20:32:23'),
(5,	5,	'1710822867.jpg',	'2024-03-18 20:34:27',	'2024-03-18 20:34:27'),
(6,	6,	'1710822928.jpg',	'2024-03-18 20:35:28',	'2024-03-18 20:35:28'),
(7,	7,	'1710823028.jpg',	'2024-03-18 20:37:08',	'2024-03-18 20:37:08'),
(8,	8,	'1710823078.jpg',	'2024-03-18 20:37:58',	'2024-03-18 20:37:58'),
(9,	9,	'1710823170.jpg',	'2024-03-18 20:39:30',	'2024-03-18 20:39:30'),
(10,	10,	'1711597292.jpg',	'2024-03-27 19:41:32',	'2024-03-27 19:41:32'),
(12,	13,	'GIwdd_xasAA0BKe.jpg',	'2024-04-10 06:53:06',	'2024-04-10 06:53:06'),
(13,	13,	'tw-11134207-7r98s-lomlaekg3v5oad.jfif',	'2024-04-10 06:53:06',	'2024-04-10 06:53:06'),
(14,	14,	'120310191-o_0.jpg',	'2024-05-23 23:42:08',	'2024-05-23 23:42:08'),
(15,	14,	'120310191129-01.jpg',	'2024-05-23 23:42:08',	'2024-05-23 23:42:08'),
(16,	14,	'120310191129-02.jpg',	'2024-05-23 23:42:08',	'2024-05-23 23:42:08'),
(17,	14,	'120310191129-03.jpg',	'2024-05-23 23:42:08',	'2024-05-23 23:42:08'),
(18,	15,	'160210040029_1.jpg',	'2024-05-23 23:55:30',	'2024-05-23 23:55:30'),
(19,	15,	'160210040029-s_0.jpg',	'2024-05-23 23:55:30',	'2024-05-23 23:55:30'),
(20,	15,	'160210040029-shop3_0.jpg',	'2024-05-23 23:55:30',	'2024-05-23 23:55:30'),
(21,	15,	'160210040029-shop4_0.jpg',	'2024-05-23 23:55:30',	'2024-05-23 23:55:30'),
(22,	15,	'160210040029-shop5_0.jpg',	'2024-05-23 23:55:30',	'2024-05-23 23:55:30'),
(23,	16,	'17024001.jpg',	'2024-05-23 23:58:22',	'2024-05-23 23:58:22'),
(24,	16,	'170240011.jpg',	'2024-05-23 23:58:22',	'2024-05-23 23:58:22'),
(25,	16,	'170240011-s.jpg',	'2024-05-23 23:58:22',	'2024-05-23 23:58:22'),
(26,	16,	'170240013.jpg',	'2024-05-23 23:58:22',	'2024-05-23 23:58:22'),
(27,	16,	'170240013-s.jpg',	'2024-05-23 23:58:22',	'2024-05-23 23:58:22'),
(28,	17,	'圖片1.jpg',	'2024-05-28 20:57:25',	'2024-05-28 20:57:25'),
(29,	17,	'圖片2.jpg',	'2024-05-28 20:57:25',	'2024-05-28 20:57:25'),
(30,	18,	'170240013.jpg',	'2024-06-04 21:54:35',	'2024-06-04 21:54:35'),
(31,	19,	'160210040029-shop4_0.jpg',	'2024-06-04 22:17:49',	'2024-06-04 22:17:49'),
(32,	20,	'ダウンロード (2).jfif',	'2024-06-05 23:25:12',	'2024-06-05 23:25:12'),
(33,	22,	'000001_1616661029.jpg',	'2024-06-05 23:27:57',	'2024-06-05 23:27:57'),
(34,	23,	'000001_1616661029.jpg',	'2024-06-05 23:30:28',	'2024-06-05 23:30:28'),
(35,	24,	'ダウンロード (7).jfif',	'2024-06-05 23:35:50',	'2024-06-05 23:35:50'),
(36,	25,	'images (8).jfif',	'2024-06-05 23:36:35',	'2024-06-05 23:36:35'),
(37,	26,	'ダウンロード (6).jfif',	'2024-06-05 23:37:08',	'2024-06-05 23:37:08'),
(38,	27,	'160210040029-shop5_0.jpg',	'2024-06-06 01:23:37',	'2024-06-06 01:23:37');

DROP TABLE IF EXISTS `specification`;
CREATE TABLE `specification` (
  `id` bigint(20) unsigned NOT NULL AUTO_INCREMENT,
  `product_id` bigint(20) unsigned NOT NULL,
  `specification_type` varchar(255) COLLATE utf8mb4_unicode_ci NOT NULL,
  `name` varchar(255) COLLATE utf8mb4_unicode_ci NOT NULL,
  `created_at` timestamp NULL DEFAULT NULL,
  `updated_at` timestamp NULL DEFAULT NULL,
  PRIMARY KEY (`id`)
) ENGINE=InnoDB DEFAULT CHARSET=utf8mb4 COLLATE=utf8mb4_unicode_ci;

INSERT INTO `specification` (`id`, `product_id`, `specification_type`, `name`, `created_at`, `updated_at`) VALUES
(2,	1,	'size',	'S',	'2024-04-24 21:28:52',	'2024-04-24 21:28:52'),
(3,	1,	'size',	'M',	'2024-04-24 21:28:52',	'2024-04-24 21:28:52'),
(4,	1,	'size',	'L',	'2024-04-24 21:28:52',	'2024-04-24 21:28:52'),
(5,	1,	'size',	'XL',	'2024-04-24 21:28:52',	'2024-04-24 21:28:52'),
(8,	2,	'size',	'S',	'2024-04-24 21:28:52',	'2024-04-24 21:28:52'),
(9,	2,	'size',	'M',	'2024-04-24 21:28:52',	'2024-04-24 21:28:52'),
(10,	2,	'size',	'L',	'2024-04-24 21:28:52',	'2024-04-24 21:28:52'),
(11,	2,	'size',	'XL',	'2024-04-24 21:28:52',	'2024-04-24 21:28:52'),
(14,	3,	'size',	'S',	'2024-04-24 21:28:52',	'2024-04-24 21:28:52'),
(15,	3,	'size',	'M',	'2024-04-24 21:28:52',	'2024-04-24 21:28:52'),
(16,	3,	'size',	'L',	'2024-04-24 21:28:52',	'2024-04-24 21:28:52'),
(17,	3,	'size',	'XL',	'2024-04-24 21:28:52',	'2024-04-24 21:28:52'),
(20,	4,	'size',	'S',	'2024-04-24 21:28:52',	'2024-04-24 21:28:52'),
(21,	4,	'size',	'M',	'2024-04-24 21:28:52',	'2024-04-24 21:28:52'),
(22,	4,	'size',	'L',	'2024-04-24 21:28:52',	'2024-04-24 21:28:52'),
(23,	4,	'size',	'XL',	'2024-04-24 21:28:52',	'2024-04-24 21:28:52'),
(26,	5,	'size',	'S',	'2024-04-24 21:28:52',	'2024-04-24 21:28:52'),
(27,	5,	'size',	'M',	'2024-04-24 21:28:52',	'2024-04-24 21:28:52'),
(28,	5,	'size',	'L',	'2024-04-24 21:28:52',	'2024-04-24 21:28:52'),
(29,	5,	'size',	'XL',	'2024-04-24 21:28:52',	'2024-04-24 21:28:52'),
(32,	6,	'size',	'S',	'2024-04-24 21:28:52',	'2024-04-24 21:28:52'),
(33,	6,	'size',	'M',	'2024-04-24 21:28:52',	'2024-04-24 21:28:52'),
(34,	6,	'size',	'L',	'2024-04-24 21:28:52',	'2024-04-24 21:28:52'),
(35,	6,	'size',	'XL',	'2024-04-24 21:28:52',	'2024-04-24 21:28:52'),
(38,	7,	'size',	'S',	'2024-04-24 21:28:52',	'2024-04-24 21:28:52'),
(39,	7,	'size',	'M',	'2024-04-24 21:28:52',	'2024-04-24 21:28:52'),
(40,	7,	'size',	'L',	'2024-04-24 21:28:52',	'2024-04-24 21:28:52'),
(41,	7,	'size',	'XL',	'2024-04-24 21:28:52',	'2024-04-24 21:28:52'),
(44,	8,	'size',	'S',	'2024-04-24 21:28:52',	'2024-04-24 21:28:52'),
(45,	8,	'size',	'M',	'2024-04-24 21:28:52',	'2024-04-24 21:28:52'),
(46,	8,	'size',	'L',	'2024-04-24 21:28:52',	'2024-04-24 21:28:52'),
(47,	8,	'size',	'XL',	'2024-04-24 21:28:52',	'2024-04-24 21:28:52'),
(50,	9,	'size',	'S',	'2024-04-24 21:28:52',	'2024-04-24 21:28:52'),
(51,	9,	'size',	'M',	'2024-04-24 21:28:52',	'2024-04-24 21:28:52'),
(52,	9,	'size',	'L',	'2024-04-24 21:28:52',	'2024-04-24 21:28:52'),
(53,	9,	'size',	'XL',	'2024-04-24 21:28:52',	'2024-04-24 21:28:52'),
(56,	10,	'size',	'S',	'2024-04-24 21:28:52',	'2024-04-24 21:28:52'),
(57,	10,	'size',	'M',	'2024-04-24 21:28:52',	'2024-04-24 21:28:52'),
(58,	10,	'size',	'L',	'2024-04-24 21:28:52',	'2024-04-24 21:28:52'),
(59,	10,	'size',	'XL',	'2024-04-24 21:28:52',	'2024-04-24 21:28:52'),
(62,	13,	'size',	'S',	'2024-04-24 21:28:52',	'2024-04-24 21:28:52'),
(63,	13,	'size',	'M',	'2024-04-24 21:28:52',	'2024-04-24 21:28:52'),
(64,	13,	'size',	'L',	'2024-04-24 21:28:52',	'2024-04-24 21:28:52'),
(65,	13,	'size',	'XL',	'2024-04-24 21:28:52',	'2024-04-24 21:28:52'),
(67,	1,	'color',	'紅',	'2024-04-24 21:31:27',	'2024-04-24 21:31:27'),
(68,	1,	'color',	'橙',	'2024-04-24 21:31:27',	'2024-04-24 21:31:27'),
(69,	1,	'color',	'黃',	'2024-04-24 21:31:27',	'2024-04-24 21:31:27'),
(70,	1,	'color',	'綠',	'2024-04-24 21:31:27',	'2024-04-24 21:31:27'),
(71,	1,	'color',	'藍',	'2024-04-24 21:31:27',	'2024-04-24 21:31:27'),
(72,	1,	'color',	'紫',	'2024-04-24 21:31:27',	'2024-04-24 21:31:27'),
(73,	2,	'color',	'紅',	'2024-04-24 21:31:27',	'2024-04-24 21:31:27'),
(74,	2,	'color',	'橙',	'2024-04-24 21:31:27',	'2024-04-24 21:31:27'),
(75,	2,	'color',	'黃',	'2024-04-24 21:31:27',	'2024-04-24 21:31:27'),
(76,	2,	'color',	'綠',	'2024-04-24 21:31:27',	'2024-04-24 21:31:27'),
(77,	2,	'color',	'藍',	'2024-04-24 21:31:27',	'2024-04-24 21:31:27'),
(78,	2,	'color',	'紫',	'2024-04-24 21:31:27',	'2024-04-24 21:31:27'),
(79,	3,	'color',	'紅',	'2024-04-24 21:31:27',	'2024-04-24 21:31:27'),
(80,	3,	'color',	'橙',	'2024-04-24 21:31:27',	'2024-04-24 21:31:27'),
(81,	3,	'color',	'黃',	'2024-04-24 21:31:27',	'2024-04-24 21:31:27'),
(82,	3,	'color',	'綠',	'2024-04-24 21:31:27',	'2024-04-24 21:31:27'),
(83,	3,	'color',	'藍',	'2024-04-24 21:31:27',	'2024-04-24 21:31:27'),
(84,	3,	'color',	'紫',	'2024-04-24 21:31:27',	'2024-04-24 21:31:27'),
(85,	4,	'color',	'紅',	'2024-04-24 21:31:27',	'2024-04-24 21:31:27'),
(86,	4,	'color',	'橙',	'2024-04-24 21:31:27',	'2024-04-24 21:31:27'),
(87,	4,	'color',	'黃',	'2024-04-24 21:31:27',	'2024-04-24 21:31:27'),
(88,	4,	'color',	'綠',	'2024-04-24 21:31:27',	'2024-04-24 21:31:27'),
(89,	4,	'color',	'藍',	'2024-04-24 21:31:27',	'2024-04-24 21:31:27'),
(90,	4,	'color',	'紫',	'2024-04-24 21:31:27',	'2024-04-24 21:31:27'),
(91,	5,	'color',	'紅',	'2024-04-24 21:31:27',	'2024-04-24 21:31:27'),
(92,	5,	'color',	'橙',	'2024-04-24 21:31:27',	'2024-04-24 21:31:27'),
(93,	5,	'color',	'黃',	'2024-04-24 21:31:27',	'2024-04-24 21:31:27'),
(94,	5,	'color',	'綠',	'2024-04-24 21:31:27',	'2024-04-24 21:31:27'),
(95,	5,	'color',	'藍',	'2024-04-24 21:31:27',	'2024-04-24 21:31:27'),
(97,	6,	'color',	'紅',	'2024-04-24 21:31:27',	'2024-04-24 21:31:27'),
(98,	6,	'color',	'橙',	'2024-04-24 21:31:27',	'2024-04-24 21:31:27'),
(99,	6,	'color',	'黃',	'2024-04-24 21:31:27',	'2024-04-24 21:31:27'),
(100,	6,	'color',	'綠',	'2024-04-24 21:31:27',	'2024-04-24 21:31:27'),
(101,	6,	'color',	'藍',	'2024-04-24 21:31:27',	'2024-04-24 21:31:27'),
(102,	6,	'color',	'紫',	'2024-04-24 21:31:27',	'2024-04-24 21:31:27'),
(103,	7,	'color',	'紅',	'2024-04-24 21:31:27',	'2024-04-24 21:31:27'),
(104,	7,	'color',	'橙',	'2024-04-24 21:31:27',	'2024-04-24 21:31:27'),
(105,	7,	'color',	'黃',	'2024-04-24 21:31:27',	'2024-04-24 21:31:27'),
(106,	7,	'color',	'綠',	'2024-04-24 21:31:27',	'2024-04-24 21:31:27'),
(107,	7,	'color',	'藍',	'2024-04-24 21:31:27',	'2024-04-24 21:31:27'),
(108,	7,	'color',	'紫',	'2024-04-24 21:31:27',	'2024-04-24 21:31:27'),
(109,	8,	'color',	'紅',	'2024-04-24 21:31:27',	'2024-04-24 21:31:27'),
(110,	8,	'color',	'橙',	'2024-04-24 21:31:27',	'2024-04-24 21:31:27'),
(111,	8,	'color',	'黃',	'2024-04-24 21:31:27',	'2024-04-24 21:31:27'),
(112,	8,	'color',	'綠',	'2024-04-24 21:31:27',	'2024-04-24 21:31:27'),
(113,	8,	'color',	'藍',	'2024-04-24 21:31:27',	'2024-04-24 21:31:27'),
(114,	8,	'color',	'紫',	'2024-04-24 21:31:27',	'2024-04-24 21:31:27'),
(115,	9,	'color',	'紅',	'2024-04-24 21:31:27',	'2024-04-24 21:31:27'),
(116,	9,	'color',	'橙',	'2024-04-24 21:31:27',	'2024-04-24 21:31:27'),
(117,	9,	'color',	'黃',	'2024-04-24 21:31:27',	'2024-04-24 21:31:27'),
(118,	9,	'color',	'綠',	'2024-04-24 21:31:27',	'2024-04-24 21:31:27'),
(119,	9,	'color',	'藍',	'2024-04-24 21:31:27',	'2024-04-24 21:31:27'),
(120,	9,	'color',	'紫',	'2024-04-24 21:31:27',	'2024-04-24 21:31:27'),
(121,	10,	'color',	'紅',	'2024-04-24 21:31:27',	'2024-04-24 21:31:27'),
(122,	10,	'color',	'橙',	'2024-04-24 21:31:27',	'2024-04-24 21:31:27'),
(123,	10,	'color',	'黃',	'2024-04-24 21:31:27',	'2024-04-24 21:31:27'),
(124,	10,	'color',	'綠',	'2024-04-24 21:31:27',	'2024-04-24 21:31:27'),
(125,	10,	'color',	'藍',	'2024-04-24 21:31:27',	'2024-04-24 21:31:27'),
(126,	10,	'color',	'紫',	'2024-04-24 21:31:27',	'2024-04-24 21:31:27'),
(127,	13,	'color',	'紅',	'2024-04-24 21:31:27',	'2024-04-24 21:31:27'),
(128,	13,	'color',	'橙',	'2024-04-24 21:31:27',	'2024-04-24 21:31:27'),
(129,	13,	'color',	'黃',	'2024-04-24 21:31:27',	'2024-04-24 21:31:27'),
(130,	13,	'color',	'綠',	'2024-04-24 21:31:27',	'2024-04-24 21:31:27'),
(131,	13,	'color',	'藍',	'2024-04-24 21:31:27',	'2024-04-24 21:31:27'),
(143,	14,	'size',	'S',	'2024-05-23 23:43:40',	'2024-05-23 23:43:40'),
(144,	14,	'size',	'M',	'2024-05-23 23:43:49',	'2024-05-23 23:43:49'),
(145,	14,	'size',	'L',	'2024-05-23 23:43:56',	'2024-05-23 23:43:56'),
(146,	14,	'color',	'紅',	'2024-05-23 23:44:24',	'2024-05-23 23:44:24'),
(147,	14,	'color',	'藍',	'2024-05-23 23:44:37',	'2024-05-23 23:44:37'),
(148,	14,	'color',	'白',	'2024-05-23 23:44:46',	'2024-05-23 23:44:46'),
(150,	15,	'size',	'S',	'2024-05-23 23:59:27',	'2024-05-23 23:59:27'),
(151,	15,	'size',	'M',	'2024-05-23 23:59:34',	'2024-05-23 23:59:34'),
(152,	15,	'size',	'L',	'2024-05-23 23:59:47',	'2024-05-23 23:59:47'),
(153,	15,	'color',	'白',	'2024-05-23 23:59:56',	'2024-05-23 23:59:56'),
(154,	16,	'size',	'US 5',	'2024-05-24 00:01:58',	'2024-05-24 00:01:58'),
(155,	16,	'size',	'US 5.5',	'2024-05-24 00:02:08',	'2024-05-24 00:02:08'),
(156,	16,	'size',	'US 6',	'2024-05-24 00:02:16',	'2024-05-24 00:02:16'),
(157,	16,	'size',	'US 6.5',	'2024-05-24 00:02:24',	'2024-05-24 00:02:24'),
(158,	16,	'size',	'US 7',	'2024-05-24 00:02:32',	'2024-05-24 00:02:32'),
(159,	16,	'size',	'US 7.5',	'2024-05-24 00:02:46',	'2024-05-24 00:02:46'),
(160,	16,	'size',	'US 8',	'2024-05-24 00:03:27',	'2024-05-24 00:03:27'),
(161,	16,	'size',	'US 8.5',	'2024-05-24 00:03:37',	'2024-05-24 00:03:37'),
(162,	16,	'size',	'US 9',	'2024-05-24 00:03:44',	'2024-05-24 00:03:44'),
(163,	16,	'color',	'黑',	'2024-05-24 00:03:51',	'2024-05-24 00:03:51'),
(164,	16,	'color',	'深棕',	'2024-05-24 00:04:02',	'2024-05-24 00:04:02'),
(165,	16,	'color',	'白',	'2024-05-24 00:04:09',	'2024-05-24 00:04:09'),
(166,	16,	'color',	'粉',	'2024-05-24 00:04:17',	'2024-05-24 00:04:17'),
(167,	13,	'color',	'白',	'2024-05-28 03:53:04',	'2024-05-28 03:53:04'),
(169,	17,	'size',	'S',	'2024-05-28 21:17:42',	'2024-05-28 21:17:42'),
(170,	17,	'size',	'M',	'2024-05-28 21:17:59',	'2024-05-28 21:17:59'),
(171,	17,	'size',	'L',	'2024-05-28 21:18:05',	'2024-05-28 21:18:05'),
(172,	17,	'size',	'XL',	'2024-05-28 21:18:16',	'2024-05-28 21:18:16'),
(173,	17,	'color',	'粉色',	'2024-05-28 21:18:27',	'2024-05-28 21:18:27'),
(174,	17,	'color',	'白色',	'2024-05-28 21:18:35',	'2024-05-28 21:18:35'),
(175,	18,	'size',	'3XL',	'2024-06-04 21:57:39',	'2024-06-04 21:57:39'),
(176,	18,	'size',	'2XL',	'2024-06-04 21:58:19',	'2024-06-04 21:58:19'),
(177,	19,	'color',	'白',	'2024-06-04 22:18:09',	'2024-06-04 22:18:09'),
(178,	18,	'color',	'白',	'2024-06-04 22:18:49',	'2024-06-04 22:18:49'),
(179,	19,	'size',	'2XL',	'2024-06-04 22:19:15',	'2024-06-04 22:19:15'),
(180,	23,	'color',	'白色',	'2024-06-05 23:31:08',	'2024-06-05 23:31:08'),
(182,	23,	'color',	'黑色',	'2024-06-05 23:31:22',	'2024-06-05 23:31:22'),
(183,	23,	'color',	'藍色',	'2024-06-05 23:31:29',	'2024-06-05 23:31:29'),
(184,	23,	'size',	'M',	'2024-06-05 23:31:41',	'2024-06-05 23:31:41'),
(185,	23,	'size',	'S',	'2024-06-05 23:31:52',	'2024-06-05 23:31:52'),
(186,	23,	'size',	'L',	'2024-06-05 23:31:59',	'2024-06-05 23:31:59'),
(187,	27,	'size',	'S',	'2024-06-06 01:24:02',	'2024-06-06 01:24:02'),
(188,	27,	'size',	'M',	'2024-06-06 01:24:10',	'2024-06-06 01:24:10'),
(189,	27,	'color',	'白色',	'2024-06-06 01:24:23',	'2024-06-06 01:24:23'),
(190,	27,	'color',	'黑色',	'2024-06-06 01:24:31',	'2024-06-06 01:24:31'),
(227,	1,	'size',	'XS',	'2024-06-11 08:51:14',	'2024-06-11 08:51:14'),
(228,	1,	'size',	'2XL',	'2024-06-11 08:51:21',	'2024-06-11 08:51:21'),
(229,	2,	'size',	'XS',	'2024-06-11 09:00:20',	'2024-06-11 09:00:20'),
(230,	2,	'size',	'2XL',	'2024-06-11 09:00:30',	'2024-06-11 09:00:30'),
(231,	3,	'size',	'XS',	'2024-06-11 09:01:03',	'2024-06-11 09:01:03'),
(232,	3,	'size',	'2XL',	'2024-06-11 09:01:09',	'2024-06-11 09:01:09'),
(233,	4,	'size',	'XS',	'2024-06-11 09:01:42',	'2024-06-11 09:01:42'),
(234,	4,	'size',	'2XL',	'2024-06-11 09:01:49',	'2024-06-11 09:01:49'),
(235,	5,	'size',	'XS',	'2024-06-11 09:02:49',	'2024-06-11 09:02:49'),
(236,	5,	'size',	'2XL',	'2024-06-11 09:02:55',	'2024-06-11 09:02:55'),
(238,	6,	'size',	'XS',	'2024-06-11 09:03:20',	'2024-06-11 09:03:20'),
(239,	6,	'size',	'2XL',	'2024-06-11 09:03:26',	'2024-06-11 09:03:26'),
(240,	7,	'size',	'XS',	'2024-06-11 09:03:44',	'2024-06-11 09:03:44'),
(241,	7,	'size',	'2XL',	'2024-06-11 09:03:51',	'2024-06-11 09:03:51'),
(242,	8,	'size',	'XS',	'2024-06-11 09:04:12',	'2024-06-11 09:04:12'),
(243,	8,	'size',	'2XL',	'2024-06-11 09:04:17',	'2024-06-11 09:04:17'),
(244,	10,	'size',	'XS',	'2024-06-11 09:04:50',	'2024-06-11 09:04:50'),
(245,	10,	'size',	'2XL',	'2024-06-11 09:04:55',	'2024-06-11 09:04:55'),
(246,	14,	'size',	'XS',	'2024-06-11 09:05:15',	'2024-06-11 09:05:15'),
(247,	13,	'size',	'XS',	'2024-06-11 09:05:32',	'2024-06-11 09:05:32'),
(248,	13,	'size',	'2XL',	'2024-06-11 09:05:37',	'2024-06-11 09:05:37'),
(249,	15,	'size',	'XS',	'2024-06-11 09:06:06',	'2024-06-11 09:06:06'),
(250,	17,	'size',	'XS',	'2024-06-11 09:06:30',	'2024-06-11 09:06:30');

DROP TABLE IF EXISTS `stocks`;
CREATE TABLE `stocks` (
  `id` bigint(20) unsigned NOT NULL AUTO_INCREMENT,
  `product_id` bigint(20) unsigned NOT NULL,
  `size` varchar(255) COLLATE utf8mb4_unicode_ci NOT NULL,
  `color` varchar(255) COLLATE utf8mb4_unicode_ci NOT NULL,
  `stock` int(11) NOT NULL,
  `created_at` timestamp NULL DEFAULT NULL,
  `updated_at` timestamp NULL DEFAULT NULL,
  PRIMARY KEY (`id`)
) ENGINE=InnoDB DEFAULT CHARSET=utf8mb4 COLLATE=utf8mb4_unicode_ci;

INSERT INTO `stocks` (`id`, `product_id`, `size`, `color`, `stock`, `created_at`, `updated_at`) VALUES
(799,	1,	'S',	'紅',	5001,	'2024-04-26 12:11:40',	'2024-05-28 03:40:12'),
(800,	1,	'S',	'橙',	5000,	'2024-04-26 12:11:40',	'2024-04-26 12:11:40'),
(801,	1,	'S',	'黃',	5000,	'2024-04-26 12:11:40',	'2024-04-26 12:11:40'),
(802,	1,	'S',	'綠',	4999,	'2024-04-26 12:11:40',	'2024-05-08 22:00:47'),
(803,	1,	'S',	'藍',	5000,	'2024-04-26 12:11:40',	'2024-04-26 12:11:40'),
(805,	1,	'M',	'紅',	5000,	'2024-04-26 12:11:40',	'2024-04-26 12:11:40'),
(806,	1,	'M',	'橙',	5000,	'2024-04-26 12:11:40',	'2024-04-26 12:11:40'),
(807,	1,	'M',	'黃',	5000,	'2024-04-26 12:11:40',	'2024-04-26 12:11:40'),
(808,	1,	'M',	'綠',	5000,	'2024-04-26 12:11:40',	'2024-04-26 12:11:40'),
(809,	1,	'M',	'藍',	5000,	'2024-04-26 12:11:40',	'2024-04-26 12:11:40'),
(817,	1,	'XL',	'紅',	5000,	'2024-04-26 12:11:40',	'2024-04-26 12:11:40'),
(818,	1,	'XL',	'橙',	5000,	'2024-04-26 12:11:40',	'2024-04-26 12:11:40'),
(819,	1,	'XL',	'黃',	5000,	'2024-04-26 12:11:40',	'2024-04-26 12:11:40'),
(820,	1,	'XL',	'綠',	5000,	'2024-04-26 12:11:40',	'2024-04-26 12:11:40'),
(821,	1,	'XL',	'藍',	5000,	'2024-04-26 12:11:40',	'2024-04-26 12:11:40'),
(835,	2,	'S',	'紅',	5000,	'2024-04-26 12:11:40',	'2024-04-26 12:11:40'),
(836,	2,	'S',	'橙',	5000,	'2024-04-26 12:11:40',	'2024-04-26 12:11:40'),
(837,	2,	'S',	'黃',	5000,	'2024-04-26 12:11:41',	'2024-04-26 12:11:41'),
(838,	2,	'S',	'綠',	5000,	'2024-04-26 12:11:41',	'2024-04-26 12:11:41'),
(839,	2,	'S',	'藍',	5000,	'2024-04-26 12:11:41',	'2024-04-26 12:11:41'),
(841,	2,	'M',	'紅',	5000,	'2024-04-26 12:11:41',	'2024-04-26 12:11:41'),
(842,	2,	'M',	'橙',	5000,	'2024-04-26 12:11:41',	'2024-04-26 12:11:41'),
(843,	2,	'M',	'黃',	5000,	'2024-04-26 12:11:41',	'2024-04-26 12:11:41'),
(844,	2,	'M',	'綠',	5000,	'2024-04-26 12:11:41',	'2024-04-26 12:11:41'),
(845,	2,	'M',	'藍',	5000,	'2024-04-26 12:11:41',	'2024-04-26 12:11:41'),
(853,	2,	'XL',	'紅',	5000,	'2024-04-26 12:11:41',	'2024-04-26 12:11:41'),
(854,	2,	'XL',	'橙',	5000,	'2024-04-26 12:11:41',	'2024-04-26 12:11:41'),
(855,	2,	'XL',	'黃',	5000,	'2024-04-26 12:11:41',	'2024-04-26 12:11:41'),
(856,	2,	'XL',	'綠',	5000,	'2024-04-26 12:11:41',	'2024-04-26 12:11:41'),
(857,	2,	'XL',	'藍',	5010,	'2024-04-26 12:11:41',	'2024-06-04 21:59:01'),
(871,	3,	'S',	'紅',	5000,	'2024-04-26 12:11:41',	'2024-04-26 12:11:41'),
(872,	3,	'S',	'橙',	5000,	'2024-04-26 12:11:41',	'2024-04-26 12:11:41'),
(873,	3,	'S',	'黃',	5000,	'2024-04-26 12:11:41',	'2024-04-26 12:11:41'),
(874,	3,	'S',	'綠',	5000,	'2024-04-26 12:11:41',	'2024-04-26 12:11:41'),
(875,	3,	'S',	'藍',	5000,	'2024-04-26 12:11:41',	'2024-04-26 12:11:41'),
(877,	3,	'M',	'紅',	4999,	'2024-04-26 12:11:41',	'2024-05-19 01:49:15'),
(878,	3,	'M',	'橙',	5000,	'2024-04-26 12:11:41',	'2024-04-26 12:11:41'),
(879,	3,	'M',	'黃',	4998,	'2024-04-26 12:11:41',	'2024-06-06 00:52:14'),
(880,	3,	'M',	'綠',	5000,	'2024-04-26 12:11:41',	'2024-04-26 12:11:41'),
(881,	3,	'M',	'藍',	5000,	'2024-04-26 12:11:41',	'2024-04-26 12:11:41'),
(889,	3,	'XL',	'紅',	5000,	'2024-04-26 12:11:41',	'2024-04-26 12:11:41'),
(890,	3,	'XL',	'橙',	5000,	'2024-04-26 12:11:41',	'2024-04-26 12:11:41'),
(891,	3,	'XL',	'黃',	5000,	'2024-04-26 12:11:41',	'2024-04-26 12:11:41'),
(892,	3,	'XL',	'綠',	5000,	'2024-04-26 12:11:41',	'2024-04-26 12:11:41'),
(893,	3,	'XL',	'藍',	5000,	'2024-04-26 12:11:41',	'2024-04-26 12:11:41'),
(907,	4,	'S',	'紅',	5000,	'2024-04-26 12:11:41',	'2024-04-26 12:11:41'),
(908,	4,	'S',	'橙',	5000,	'2024-04-26 12:11:41',	'2024-04-26 12:11:41'),
(909,	4,	'S',	'黃',	5000,	'2024-04-26 12:11:41',	'2024-04-26 12:11:41'),
(910,	4,	'S',	'綠',	5000,	'2024-04-26 12:11:41',	'2024-04-26 12:11:41'),
(911,	4,	'S',	'藍',	5000,	'2024-04-26 12:11:41',	'2024-04-26 12:11:41'),
(913,	4,	'M',	'紅',	5000,	'2024-04-26 12:11:41',	'2024-04-26 12:11:41'),
(914,	4,	'M',	'橙',	5000,	'2024-04-26 12:11:41',	'2024-04-26 12:11:41'),
(915,	4,	'M',	'黃',	5000,	'2024-04-26 12:11:41',	'2024-04-26 12:11:41'),
(916,	4,	'M',	'綠',	5000,	'2024-04-26 12:11:41',	'2024-04-26 12:11:41'),
(917,	4,	'M',	'藍',	5000,	'2024-04-26 12:11:41',	'2024-04-26 12:11:41'),
(925,	4,	'XL',	'紅',	5000,	'2024-04-26 12:11:41',	'2024-04-26 12:11:41'),
(926,	4,	'XL',	'橙',	5000,	'2024-04-26 12:11:41',	'2024-04-26 12:11:41'),
(927,	4,	'XL',	'黃',	5000,	'2024-04-26 12:11:41',	'2024-04-26 12:11:41'),
(928,	4,	'XL',	'綠',	5000,	'2024-04-26 12:11:41',	'2024-04-26 12:11:41'),
(929,	4,	'XL',	'藍',	5000,	'2024-04-26 12:11:41',	'2024-04-26 12:11:41'),
(943,	5,	'S',	'紅',	5000,	'2024-04-26 12:11:41',	'2024-04-26 12:11:41'),
(944,	5,	'S',	'橙',	5000,	'2024-04-26 12:11:41',	'2024-04-26 12:11:41'),
(945,	5,	'S',	'黃',	5000,	'2024-04-26 12:11:41',	'2024-04-26 12:11:41'),
(946,	5,	'S',	'綠',	5000,	'2024-04-26 12:11:41',	'2024-04-26 12:11:41'),
(947,	5,	'S',	'藍',	5000,	'2024-04-26 12:11:41',	'2024-04-26 12:11:41'),
(949,	5,	'M',	'紅',	5000,	'2024-04-26 12:11:41',	'2024-04-26 12:11:41'),
(950,	5,	'M',	'橙',	5000,	'2024-04-26 12:11:41',	'2024-04-26 12:11:41'),
(951,	5,	'M',	'黃',	5000,	'2024-04-26 12:11:41',	'2024-04-26 12:11:41'),
(952,	5,	'M',	'綠',	5000,	'2024-04-26 12:11:41',	'2024-04-26 12:11:41'),
(953,	5,	'M',	'藍',	4990,	'2024-04-26 12:11:41',	'2024-05-22 01:32:10'),
(961,	5,	'XL',	'紅',	5000,	'2024-04-26 12:11:41',	'2024-04-26 12:11:41'),
(962,	5,	'XL',	'橙',	5000,	'2024-04-26 12:11:41',	'2024-04-26 12:11:41'),
(963,	5,	'XL',	'黃',	4999,	'2024-04-26 12:11:41',	'2024-06-11 08:27:57'),
(964,	5,	'XL',	'綠',	5000,	'2024-04-26 12:11:41',	'2024-04-26 12:11:41'),
(965,	5,	'XL',	'藍',	5000,	'2024-04-26 12:11:41',	'2024-04-26 12:11:41'),
(979,	6,	'S',	'紅',	5000,	'2024-04-26 12:11:41',	'2024-04-26 12:11:41'),
(980,	6,	'S',	'橙',	5000,	'2024-04-26 12:11:41',	'2024-04-26 12:11:41'),
(981,	6,	'S',	'黃',	5000,	'2024-04-26 12:11:41',	'2024-04-26 12:11:41'),
(982,	6,	'S',	'綠',	5000,	'2024-04-26 12:11:41',	'2024-04-26 12:11:41'),
(983,	6,	'S',	'藍',	5000,	'2024-04-26 12:11:41',	'2024-04-26 12:11:41'),
(985,	6,	'M',	'紅',	5000,	'2024-04-26 12:11:41',	'2024-04-26 12:11:41'),
(986,	6,	'M',	'橙',	5000,	'2024-04-26 12:11:41',	'2024-04-26 12:11:41'),
(987,	6,	'M',	'黃',	5000,	'2024-04-26 12:11:41',	'2024-04-26 12:11:41'),
(988,	6,	'M',	'綠',	5000,	'2024-04-26 12:11:41',	'2024-04-26 12:11:41'),
(989,	6,	'M',	'藍',	5000,	'2024-04-26 12:11:41',	'2024-04-26 12:11:41'),
(997,	6,	'XL',	'紅',	5000,	'2024-04-26 12:11:41',	'2024-04-26 12:11:41'),
(998,	6,	'XL',	'橙',	5000,	'2024-04-26 12:11:41',	'2024-04-26 12:11:41'),
(999,	6,	'XL',	'黃',	5000,	'2024-04-26 12:11:41',	'2024-04-26 12:11:41'),
(1000,	6,	'XL',	'綠',	5000,	'2024-04-26 12:11:41',	'2024-04-26 12:11:41'),
(1001,	6,	'XL',	'藍',	5000,	'2024-04-26 12:11:41',	'2024-04-26 12:11:41'),
(1015,	7,	'S',	'紅',	5000,	'2024-04-26 12:11:41',	'2024-04-26 12:11:41'),
(1016,	7,	'S',	'橙',	5000,	'2024-04-26 12:11:41',	'2024-04-26 12:11:41'),
(1017,	7,	'S',	'黃',	5000,	'2024-04-26 12:11:41',	'2024-04-26 12:11:41'),
(1018,	7,	'S',	'綠',	5000,	'2024-04-26 12:11:41',	'2024-04-26 12:11:41'),
(1019,	7,	'S',	'藍',	5000,	'2024-04-26 12:11:41',	'2024-04-26 12:11:41'),
(1021,	7,	'M',	'紅',	5000,	'2024-04-26 12:11:41',	'2024-04-26 12:11:41'),
(1022,	7,	'M',	'橙',	5000,	'2024-04-26 12:11:41',	'2024-04-26 12:11:41'),
(1023,	7,	'M',	'黃',	5000,	'2024-04-26 12:11:41',	'2024-04-26 12:11:41'),
(1024,	7,	'M',	'綠',	5000,	'2024-04-26 12:11:41',	'2024-04-26 12:11:41'),
(1025,	7,	'M',	'藍',	5000,	'2024-04-26 12:11:41',	'2024-04-26 12:11:41'),
(1033,	7,	'XL',	'紅',	5000,	'2024-04-26 12:11:41',	'2024-04-26 12:11:41'),
(1034,	7,	'XL',	'橙',	5000,	'2024-04-26 12:11:41',	'2024-04-26 12:11:41'),
(1035,	7,	'XL',	'黃',	5000,	'2024-04-26 12:11:41',	'2024-04-26 12:11:41'),
(1036,	7,	'XL',	'綠',	5000,	'2024-04-26 12:11:41',	'2024-04-26 12:11:41'),
(1037,	7,	'XL',	'藍',	5000,	'2024-04-26 12:11:41',	'2024-04-26 12:11:41'),
(1051,	8,	'S',	'紅',	5000,	'2024-04-26 12:11:41',	'2024-04-26 12:11:41'),
(1052,	8,	'S',	'橙',	5000,	'2024-04-26 12:11:41',	'2024-04-26 12:11:41'),
(1053,	8,	'S',	'黃',	5000,	'2024-04-26 12:11:41',	'2024-04-26 12:11:41'),
(1054,	8,	'S',	'綠',	5000,	'2024-04-26 12:11:41',	'2024-04-26 12:11:41'),
(1055,	8,	'S',	'藍',	5000,	'2024-04-26 12:11:41',	'2024-04-26 12:11:41'),
(1057,	8,	'M',	'紅',	5000,	'2024-04-26 12:11:41',	'2024-04-26 12:11:41'),
(1058,	8,	'M',	'橙',	5000,	'2024-04-26 12:11:41',	'2024-04-26 12:11:41'),
(1059,	8,	'M',	'黃',	5000,	'2024-04-26 12:11:41',	'2024-04-26 12:11:41'),
(1060,	8,	'M',	'綠',	5000,	'2024-04-26 12:11:41',	'2024-04-26 12:11:41'),
(1061,	8,	'M',	'藍',	5000,	'2024-04-26 12:11:41',	'2024-04-26 12:11:41'),
(1069,	8,	'XL',	'紅',	5000,	'2024-04-26 12:11:41',	'2024-04-26 12:11:41'),
(1070,	8,	'XL',	'橙',	5000,	'2024-04-26 12:11:41',	'2024-04-26 12:11:41'),
(1071,	8,	'XL',	'黃',	5000,	'2024-04-26 12:11:41',	'2024-04-26 12:11:41'),
(1072,	8,	'XL',	'綠',	5000,	'2024-04-26 12:11:41',	'2024-04-26 12:11:41'),
(1073,	8,	'XL',	'藍',	5000,	'2024-04-26 12:11:41',	'2024-04-26 12:11:41'),
(1087,	9,	'S',	'紅',	5000,	'2024-04-26 12:11:41',	'2024-04-26 12:11:41'),
(1088,	9,	'S',	'橙',	5000,	'2024-04-26 12:11:41',	'2024-04-26 12:11:41'),
(1089,	9,	'S',	'黃',	5000,	'2024-04-26 12:11:41',	'2024-04-26 12:11:41'),
(1090,	9,	'S',	'綠',	5000,	'2024-04-26 12:11:41',	'2024-04-26 12:11:41'),
(1091,	9,	'S',	'藍',	5000,	'2024-04-26 12:11:41',	'2024-04-26 12:11:41'),
(1093,	9,	'M',	'紅',	5000,	'2024-04-26 12:11:41',	'2024-04-26 12:11:41'),
(1094,	9,	'M',	'橙',	5000,	'2024-04-26 12:11:41',	'2024-04-26 12:11:41'),
(1095,	9,	'M',	'黃',	5000,	'2024-04-26 12:11:41',	'2024-04-26 12:11:41'),
(1096,	9,	'M',	'綠',	5000,	'2024-04-26 12:11:41',	'2024-04-26 12:11:41'),
(1097,	9,	'M',	'藍',	5000,	'2024-04-26 12:11:41',	'2024-04-26 12:11:41'),
(1105,	9,	'XL',	'紅',	5000,	'2024-04-26 12:11:41',	'2024-04-26 12:11:41'),
(1106,	9,	'XL',	'橙',	5000,	'2024-04-26 12:11:41',	'2024-04-26 12:11:41'),
(1107,	9,	'XL',	'黃',	5000,	'2024-04-26 12:11:41',	'2024-04-26 12:11:41'),
(1108,	9,	'XL',	'綠',	5000,	'2024-04-26 12:11:41',	'2024-04-26 12:11:41'),
(1109,	9,	'XL',	'藍',	5000,	'2024-04-26 12:11:41',	'2024-04-26 12:11:41'),
(1123,	10,	'S',	'紅',	5000,	'2024-04-26 12:11:41',	'2024-04-26 12:11:41'),
(1124,	10,	'S',	'橙',	5000,	'2024-04-26 12:11:41',	'2024-04-26 12:11:41'),
(1125,	10,	'S',	'黃',	5000,	'2024-04-26 12:11:41',	'2024-04-26 12:11:41'),
(1126,	10,	'S',	'綠',	5000,	'2024-04-26 12:11:41',	'2024-04-26 12:11:41'),
(1127,	10,	'S',	'藍',	4999,	'2024-04-26 12:11:41',	'2024-05-08 22:00:47'),
(1129,	10,	'M',	'紅',	5000,	'2024-04-26 12:11:41',	'2024-04-26 12:11:41'),
(1130,	10,	'M',	'橙',	5000,	'2024-04-26 12:11:41',	'2024-04-26 12:11:41'),
(1131,	10,	'M',	'黃',	5000,	'2024-04-26 12:11:41',	'2024-04-26 12:11:41'),
(1132,	10,	'M',	'綠',	5000,	'2024-04-26 12:11:41',	'2024-04-26 12:11:41'),
(1133,	10,	'M',	'藍',	5000,	'2024-04-26 12:11:41',	'2024-04-26 12:11:41'),
(1141,	10,	'XL',	'紅',	4998,	'2024-04-26 12:11:41',	'2024-05-28 01:58:32'),
(1142,	10,	'XL',	'橙',	5000,	'2024-04-26 12:11:41',	'2024-04-26 12:11:41'),
(1143,	10,	'XL',	'黃',	5000,	'2024-04-26 12:11:41',	'2024-04-26 12:11:41'),
(1144,	10,	'XL',	'綠',	5000,	'2024-04-26 12:11:41',	'2024-04-26 12:11:41'),
(1145,	10,	'XL',	'藍',	5000,	'2024-04-26 12:11:41',	'2024-04-26 12:11:41'),
(1159,	13,	'S',	'紅',	5000,	'2024-04-26 12:11:41',	'2024-04-26 12:11:41'),
(1160,	13,	'S',	'橙',	5000,	'2024-04-26 12:11:41',	'2024-04-26 12:11:41'),
(1161,	13,	'S',	'黃',	5000,	'2024-04-26 12:11:41',	'2024-04-26 12:11:41'),
(1162,	13,	'S',	'綠',	5000,	'2024-04-26 12:11:41',	'2024-04-26 12:11:41'),
(1163,	13,	'S',	'藍',	5000,	'2024-04-26 12:11:41',	'2024-04-26 12:11:41'),
(1165,	13,	'M',	'紅',	5000,	'2024-04-26 12:11:41',	'2024-04-26 12:11:41'),
(1166,	13,	'M',	'橙',	5000,	'2024-04-26 12:11:41',	'2024-04-26 12:11:41'),
(1167,	13,	'M',	'黃',	5000,	'2024-04-26 12:11:41',	'2024-04-26 12:11:41'),
(1168,	13,	'M',	'綠',	5000,	'2024-04-26 12:11:41',	'2024-04-26 12:11:41'),
(1169,	13,	'M',	'藍',	5000,	'2024-04-26 12:11:41',	'2024-04-26 12:11:41'),
(1177,	13,	'XL',	'紅',	5000,	'2024-04-26 12:11:41',	'2024-04-26 12:11:41'),
(1178,	13,	'XL',	'橙',	5000,	'2024-04-26 12:11:41',	'2024-04-26 12:11:41'),
(1179,	13,	'XL',	'黃',	5000,	'2024-04-26 12:11:41',	'2024-04-26 12:11:41'),
(1180,	13,	'XL',	'綠',	5000,	'2024-04-26 12:11:41',	'2024-04-26 12:11:41'),
(1181,	13,	'XL',	'藍',	5000,	'2024-04-26 12:11:41',	'2024-04-26 12:11:41'),
(1196,	14,	'S',	'紅',	4999,	'2024-05-23 23:44:24',	'2024-06-05 23:15:46'),
(1197,	14,	'M',	'紅',	4998,	'2024-05-23 23:44:24',	'2024-06-04 22:13:58'),
(1200,	14,	'S',	'藍',	4998,	'2024-05-23 23:44:37',	'2024-06-06 00:42:32'),
(1201,	14,	'M',	'藍',	5000,	'2024-05-23 23:44:37',	'2024-05-23 23:44:37'),
(1204,	14,	'S',	'白',	5000,	'2024-05-23 23:44:46',	'2024-05-23 23:44:46'),
(1205,	14,	'M',	'白',	4998,	'2024-05-23 23:44:46',	'2024-06-06 01:18:37'),
(1208,	15,	'S',	'白',	4999,	'2024-05-23 23:59:56',	'2024-06-04 22:13:58'),
(1209,	15,	'M',	'白',	4997,	'2024-05-23 23:59:56',	'2024-06-06 00:42:32'),
(1211,	16,	'US 5',	'黑',	4998,	'2024-05-24 00:03:51',	'2024-06-04 21:38:46'),
(1212,	16,	'US 5.5',	'黑',	5000,	'2024-05-24 00:03:51',	'2024-05-24 00:03:51'),
(1213,	16,	'US 6',	'黑',	4998,	'2024-05-24 00:03:51',	'2024-06-05 23:15:46'),
(1214,	16,	'US 6.5',	'黑',	5000,	'2024-05-24 00:03:51',	'2024-05-24 00:03:51'),
(1215,	16,	'US 7',	'黑',	4999,	'2024-05-24 00:03:51',	'2024-06-04 21:47:21'),
(1216,	16,	'US 7.5',	'黑',	5000,	'2024-05-24 00:03:51',	'2024-05-24 00:03:51'),
(1217,	16,	'US 8',	'黑',	5000,	'2024-05-24 00:03:51',	'2024-05-24 00:03:51'),
(1218,	16,	'US 8.5',	'黑',	5000,	'2024-05-24 00:03:51',	'2024-05-24 00:03:51'),
(1219,	16,	'US 9',	'黑',	5000,	'2024-05-24 00:03:51',	'2024-05-24 00:03:51'),
(1220,	16,	'US 5',	'深棕',	5000,	'2024-05-24 00:04:02',	'2024-05-24 00:04:02'),
(1221,	16,	'US 5.5',	'深棕',	4999,	'2024-05-24 00:04:02',	'2024-06-06 00:42:32'),
(1222,	16,	'US 6',	'深棕',	5000,	'2024-05-24 00:04:02',	'2024-05-24 00:04:02'),
(1223,	16,	'US 6.5',	'深棕',	4999,	'2024-05-24 00:04:02',	'2024-06-04 22:13:58'),
(1224,	16,	'US 7',	'深棕',	5000,	'2024-05-24 00:04:02',	'2024-05-24 00:04:02'),
(1225,	16,	'US 7.5',	'深棕',	5000,	'2024-05-24 00:04:02',	'2024-05-24 00:04:02'),
(1226,	16,	'US 8',	'深棕',	5000,	'2024-05-24 00:04:02',	'2024-05-24 00:04:02'),
(1227,	16,	'US 8.5',	'深棕',	5000,	'2024-05-24 00:04:02',	'2024-05-24 00:04:02'),
(1228,	16,	'US 9',	'深棕',	5000,	'2024-05-24 00:04:02',	'2024-05-24 00:04:02'),
(1229,	16,	'US 5',	'白',	5000,	'2024-05-24 00:04:09',	'2024-05-24 00:04:09'),
(1230,	16,	'US 5.5',	'白',	5000,	'2024-05-24 00:04:09',	'2024-05-24 00:04:09'),
(1231,	16,	'US 6',	'白',	5000,	'2024-05-24 00:04:09',	'2024-05-24 00:04:09'),
(1232,	16,	'US 6.5',	'白',	5000,	'2024-05-24 00:04:09',	'2024-05-24 00:04:09'),
(1233,	16,	'US 7',	'白',	5000,	'2024-05-24 00:04:09',	'2024-05-24 00:04:09'),
(1234,	16,	'US 7.5',	'白',	5000,	'2024-05-24 00:04:09',	'2024-05-24 00:04:09'),
(1235,	16,	'US 8',	'白',	5000,	'2024-05-24 00:04:09',	'2024-05-24 00:04:09'),
(1236,	16,	'US 8.5',	'白',	4999,	'2024-05-24 00:04:09',	'2024-06-06 01:18:37'),
(1237,	16,	'US 9',	'白',	5000,	'2024-05-24 00:04:09',	'2024-05-24 00:04:09'),
(1238,	16,	'US 5',	'粉',	5000,	'2024-05-24 00:04:17',	'2024-05-24 00:04:17'),
(1239,	16,	'US 5.5',	'粉',	5000,	'2024-05-24 00:04:17',	'2024-05-24 00:04:17'),
(1240,	16,	'US 6',	'粉',	5000,	'2024-05-24 00:04:17',	'2024-05-24 00:04:17'),
(1241,	16,	'US 6.5',	'粉',	5000,	'2024-05-24 00:04:17',	'2024-05-24 00:04:17'),
(1242,	16,	'US 7',	'粉',	5000,	'2024-05-24 00:04:17',	'2024-05-24 00:04:17'),
(1243,	16,	'US 7.5',	'粉',	5000,	'2024-05-24 00:04:17',	'2024-05-24 00:04:17'),
(1244,	16,	'US 8',	'粉',	5000,	'2024-05-24 00:04:17',	'2024-05-24 00:04:17'),
(1245,	16,	'US 8.5',	'粉',	5000,	'2024-05-24 00:04:17',	'2024-05-24 00:04:17'),
(1246,	16,	'US 9',	'粉',	5000,	'2024-05-24 00:04:17',	'2024-05-24 00:04:17'),
(1248,	13,	'S',	'白',	5000,	'2024-05-28 03:53:04',	'2024-05-28 03:53:04'),
(1249,	13,	'M',	'白',	5000,	'2024-05-28 03:53:04',	'2024-05-28 03:53:04'),
(1251,	13,	'XL',	'白',	5000,	'2024-05-28 03:53:04',	'2024-05-28 03:53:04'),
(1254,	17,	'S',	'粉色',	5000,	'2024-05-28 21:18:27',	'2024-05-28 21:18:27'),
(1255,	17,	'M',	'粉色',	5000,	'2024-05-28 21:18:27',	'2024-05-28 21:18:27'),
(1257,	17,	'XL',	'粉色',	4998,	'2024-05-28 21:18:27',	'2024-05-28 21:20:22'),
(1266,	23,	'M',	'白色',	5000,	'2024-06-05 23:31:41',	'2024-06-05 23:31:41'),
(1267,	23,	'M',	'黑色',	5000,	'2024-06-05 23:31:41',	'2024-06-05 23:31:41'),
(1268,	23,	'M',	'藍色',	5000,	'2024-06-05 23:31:41',	'2024-06-05 23:31:41'),
(1269,	23,	'S',	'白色',	5000,	'2024-06-05 23:31:52',	'2024-06-05 23:31:52'),
(1270,	23,	'S',	'黑色',	5000,	'2024-06-05 23:31:52',	'2024-06-05 23:31:52'),
(1271,	23,	'S',	'藍色',	5000,	'2024-06-05 23:31:52',	'2024-06-05 23:31:52'),
(1272,	27,	'S',	'白色',	5000,	'2024-06-06 01:24:23',	'2024-06-06 01:24:23'),
(1273,	27,	'M',	'白色',	5000,	'2024-06-06 01:24:23',	'2024-06-06 01:24:23'),
(1274,	27,	'S',	'黑色',	5000,	'2024-06-06 01:24:31',	'2024-06-06 01:24:31'),
(1275,	27,	'M',	'黑色',	5010,	'2024-06-06 01:24:31',	'2024-06-06 01:25:44'),
(1489,	1,	'XS',	'紅',	5000,	'2024-06-11 08:51:14',	'2024-06-11 08:51:14'),
(1490,	1,	'XS',	'橙',	5000,	'2024-06-11 08:51:14',	'2024-06-11 08:51:14'),
(1491,	1,	'XS',	'黃',	5000,	'2024-06-11 08:51:14',	'2024-06-11 08:51:14'),
(1492,	1,	'XS',	'綠',	5000,	'2024-06-11 08:51:14',	'2024-06-11 08:51:14'),
(1493,	1,	'XS',	'藍',	5000,	'2024-06-11 08:51:14',	'2024-06-11 08:51:14'),
(1494,	1,	'XS',	'紫',	5000,	'2024-06-11 08:51:14',	'2024-06-11 08:51:14'),
(1495,	1,	'2XL',	'紅',	5000,	'2024-06-11 08:51:21',	'2024-06-11 08:51:21'),
(1496,	1,	'2XL',	'橙',	5000,	'2024-06-11 08:51:21',	'2024-06-11 08:51:21'),
(1497,	1,	'2XL',	'黃',	5000,	'2024-06-11 08:51:21',	'2024-06-11 08:51:21'),
(1498,	1,	'2XL',	'綠',	5000,	'2024-06-11 08:51:21',	'2024-06-11 08:51:21'),
(1499,	1,	'2XL',	'藍',	5000,	'2024-06-11 08:51:21',	'2024-06-11 08:51:21'),
(1500,	1,	'2XL',	'紫',	5000,	'2024-06-11 08:51:21',	'2024-06-11 08:51:21'),
(1501,	2,	'XS',	'紅',	5000,	'2024-06-11 09:00:20',	'2024-06-11 09:00:20'),
(1502,	2,	'XS',	'橙',	5000,	'2024-06-11 09:00:20',	'2024-06-11 09:00:20'),
(1503,	2,	'XS',	'黃',	5000,	'2024-06-11 09:00:20',	'2024-06-11 09:00:20'),
(1504,	2,	'XS',	'綠',	5000,	'2024-06-11 09:00:20',	'2024-06-11 09:00:20'),
(1505,	2,	'XS',	'藍',	5000,	'2024-06-11 09:00:20',	'2024-06-11 09:00:20'),
(1506,	2,	'XS',	'紫',	5000,	'2024-06-11 09:00:20',	'2024-06-11 09:00:20'),
(1507,	2,	'2XL',	'紅',	5000,	'2024-06-11 09:00:30',	'2024-06-11 09:00:30'),
(1508,	2,	'2XL',	'橙',	5000,	'2024-06-11 09:00:30',	'2024-06-11 09:00:30'),
(1509,	2,	'2XL',	'黃',	5000,	'2024-06-11 09:00:30',	'2024-06-11 09:00:30'),
(1510,	2,	'2XL',	'綠',	5000,	'2024-06-11 09:00:30',	'2024-06-11 09:00:30'),
(1511,	2,	'2XL',	'藍',	5000,	'2024-06-11 09:00:30',	'2024-06-11 09:00:30'),
(1512,	2,	'2XL',	'紫',	5000,	'2024-06-11 09:00:30',	'2024-06-11 09:00:30'),
(1513,	3,	'XS',	'紅',	5000,	'2024-06-11 09:01:03',	'2024-06-11 09:01:03'),
(1514,	3,	'XS',	'橙',	5000,	'2024-06-11 09:01:03',	'2024-06-11 09:01:03'),
(1515,	3,	'XS',	'黃',	5000,	'2024-06-11 09:01:03',	'2024-06-11 09:01:03'),
(1516,	3,	'XS',	'綠',	5000,	'2024-06-11 09:01:03',	'2024-06-11 09:01:03'),
(1517,	3,	'XS',	'藍',	5000,	'2024-06-11 09:01:03',	'2024-06-11 09:01:03'),
(1518,	3,	'XS',	'紫',	5000,	'2024-06-11 09:01:03',	'2024-06-11 09:01:03'),
(1519,	3,	'2XL',	'紅',	5000,	'2024-06-11 09:01:09',	'2024-06-11 09:01:09'),
(1520,	3,	'2XL',	'橙',	5000,	'2024-06-11 09:01:09',	'2024-06-11 09:01:09'),
(1521,	3,	'2XL',	'黃',	5000,	'2024-06-11 09:01:09',	'2024-06-11 09:01:09'),
(1522,	3,	'2XL',	'綠',	5000,	'2024-06-11 09:01:09',	'2024-06-11 09:01:09'),
(1523,	3,	'2XL',	'藍',	5000,	'2024-06-11 09:01:09',	'2024-06-11 09:01:09'),
(1524,	3,	'2XL',	'紫',	5000,	'2024-06-11 09:01:09',	'2024-06-11 09:01:09'),
(1525,	4,	'XS',	'紅',	5000,	'2024-06-11 09:01:42',	'2024-06-11 09:01:42'),
(1526,	4,	'XS',	'橙',	5000,	'2024-06-11 09:01:42',	'2024-06-11 09:01:42'),
(1527,	4,	'XS',	'黃',	5000,	'2024-06-11 09:01:42',	'2024-06-11 09:01:42'),
(1528,	4,	'XS',	'綠',	5000,	'2024-06-11 09:01:42',	'2024-06-11 09:01:42'),
(1529,	4,	'XS',	'藍',	5000,	'2024-06-11 09:01:42',	'2024-06-11 09:01:42'),
(1530,	4,	'XS',	'紫',	5000,	'2024-06-11 09:01:42',	'2024-06-11 09:01:42'),
(1531,	4,	'2XL',	'紅',	5000,	'2024-06-11 09:01:49',	'2024-06-11 09:01:49'),
(1532,	4,	'2XL',	'橙',	5000,	'2024-06-11 09:01:49',	'2024-06-11 09:01:49'),
(1533,	4,	'2XL',	'黃',	5000,	'2024-06-11 09:01:49',	'2024-06-11 09:01:49'),
(1534,	4,	'2XL',	'綠',	5000,	'2024-06-11 09:01:49',	'2024-06-11 09:01:49'),
(1535,	4,	'2XL',	'藍',	5000,	'2024-06-11 09:01:49',	'2024-06-11 09:01:49'),
(1536,	4,	'2XL',	'紫',	5000,	'2024-06-11 09:01:49',	'2024-06-11 09:01:49'),
(1537,	5,	'XS',	'紅',	5000,	'2024-06-11 09:02:49',	'2024-06-11 09:02:49'),
(1538,	5,	'XS',	'橙',	5000,	'2024-06-11 09:02:49',	'2024-06-11 09:02:49'),
(1539,	5,	'XS',	'黃',	5000,	'2024-06-11 09:02:49',	'2024-06-11 09:02:49'),
(1540,	5,	'XS',	'綠',	5000,	'2024-06-11 09:02:49',	'2024-06-11 09:02:49'),
(1541,	5,	'XS',	'藍',	5000,	'2024-06-11 09:02:49',	'2024-06-11 09:02:49'),
(1542,	5,	'2XL',	'紅',	5000,	'2024-06-11 09:02:55',	'2024-06-11 09:02:55'),
(1543,	5,	'2XL',	'橙',	5000,	'2024-06-11 09:02:55',	'2024-06-11 09:02:55'),
(1544,	5,	'2XL',	'黃',	5000,	'2024-06-11 09:02:55',	'2024-06-11 09:02:55'),
(1545,	5,	'2XL',	'綠',	5000,	'2024-06-11 09:02:55',	'2024-06-11 09:02:55'),
(1546,	5,	'2XL',	'藍',	5000,	'2024-06-11 09:02:55',	'2024-06-11 09:02:55'),
(1553,	6,	'XS',	'紅',	5000,	'2024-06-11 09:03:20',	'2024-06-11 09:03:20'),
(1554,	6,	'XS',	'橙',	5000,	'2024-06-11 09:03:20',	'2024-06-11 09:03:20'),
(1555,	6,	'XS',	'黃',	5000,	'2024-06-11 09:03:20',	'2024-06-11 09:03:20'),
(1556,	6,	'XS',	'綠',	5000,	'2024-06-11 09:03:20',	'2024-06-11 09:03:20'),
(1557,	6,	'XS',	'藍',	5000,	'2024-06-11 09:03:20',	'2024-06-11 09:03:20'),
(1558,	6,	'XS',	'紫',	5000,	'2024-06-11 09:03:20',	'2024-06-11 09:03:20'),
(1559,	6,	'2XL',	'紅',	5000,	'2024-06-11 09:03:26',	'2024-06-11 09:03:26'),
(1560,	6,	'2XL',	'橙',	5000,	'2024-06-11 09:03:26',	'2024-06-11 09:03:26'),
(1561,	6,	'2XL',	'黃',	5000,	'2024-06-11 09:03:26',	'2024-06-11 09:03:26'),
(1562,	6,	'2XL',	'綠',	5000,	'2024-06-11 09:03:26',	'2024-06-11 09:03:26'),
(1563,	6,	'2XL',	'藍',	5000,	'2024-06-11 09:03:26',	'2024-06-11 09:03:26'),
(1564,	6,	'2XL',	'紫',	5000,	'2024-06-11 09:03:26',	'2024-06-11 09:03:26'),
(1565,	7,	'XS',	'紅',	5000,	'2024-06-11 09:03:44',	'2024-06-11 09:03:44'),
(1566,	7,	'XS',	'橙',	5000,	'2024-06-11 09:03:44',	'2024-06-11 09:03:44'),
(1567,	7,	'XS',	'黃',	5000,	'2024-06-11 09:03:44',	'2024-06-11 09:03:44'),
(1568,	7,	'XS',	'綠',	5000,	'2024-06-11 09:03:44',	'2024-06-11 09:03:44'),
(1569,	7,	'XS',	'藍',	5000,	'2024-06-11 09:03:44',	'2024-06-11 09:03:44'),
(1570,	7,	'XS',	'紫',	5000,	'2024-06-11 09:03:44',	'2024-06-11 09:03:44'),
(1571,	7,	'2XL',	'紅',	5000,	'2024-06-11 09:03:51',	'2024-06-11 09:03:51'),
(1572,	7,	'2XL',	'橙',	5000,	'2024-06-11 09:03:51',	'2024-06-11 09:03:51'),
(1573,	7,	'2XL',	'黃',	5000,	'2024-06-11 09:03:51',	'2024-06-11 09:03:51'),
(1574,	7,	'2XL',	'綠',	5000,	'2024-06-11 09:03:51',	'2024-06-11 09:03:51'),
(1575,	7,	'2XL',	'藍',	5000,	'2024-06-11 09:03:51',	'2024-06-11 09:03:51'),
(1576,	7,	'2XL',	'紫',	5000,	'2024-06-11 09:03:51',	'2024-06-11 09:03:51'),
(1577,	8,	'XS',	'紅',	5000,	'2024-06-11 09:04:12',	'2024-06-11 09:04:12'),
(1578,	8,	'XS',	'橙',	5000,	'2024-06-11 09:04:12',	'2024-06-11 09:04:12'),
(1579,	8,	'XS',	'黃',	5000,	'2024-06-11 09:04:13',	'2024-06-11 09:04:13'),
(1580,	8,	'XS',	'綠',	5000,	'2024-06-11 09:04:13',	'2024-06-11 09:04:13'),
(1581,	8,	'XS',	'藍',	5000,	'2024-06-11 09:04:13',	'2024-06-11 09:04:13'),
(1582,	8,	'XS',	'紫',	5000,	'2024-06-11 09:04:13',	'2024-06-11 09:04:13'),
(1583,	8,	'2XL',	'紅',	5000,	'2024-06-11 09:04:17',	'2024-06-11 09:04:17'),
(1584,	8,	'2XL',	'橙',	5000,	'2024-06-11 09:04:17',	'2024-06-11 09:04:17'),
(1585,	8,	'2XL',	'黃',	5000,	'2024-06-11 09:04:17',	'2024-06-11 09:04:17'),
(1586,	8,	'2XL',	'綠',	5000,	'2024-06-11 09:04:17',	'2024-06-11 09:04:17'),
(1587,	8,	'2XL',	'藍',	5000,	'2024-06-11 09:04:17',	'2024-06-11 09:04:17'),
(1588,	8,	'2XL',	'紫',	5000,	'2024-06-11 09:04:17',	'2024-06-11 09:04:17'),
(1589,	10,	'XS',	'紅',	5000,	'2024-06-11 09:04:50',	'2024-06-11 09:04:50'),
(1590,	10,	'XS',	'橙',	5000,	'2024-06-11 09:04:50',	'2024-06-11 09:04:50'),
(1591,	10,	'XS',	'黃',	5000,	'2024-06-11 09:04:50',	'2024-06-11 09:04:50'),
(1592,	10,	'XS',	'綠',	5000,	'2024-06-11 09:04:50',	'2024-06-11 09:04:50'),
(1593,	10,	'XS',	'藍',	5000,	'2024-06-11 09:04:50',	'2024-06-11 09:04:50'),
(1594,	10,	'XS',	'紫',	5000,	'2024-06-11 09:04:50',	'2024-06-11 09:04:50'),
(1595,	10,	'2XL',	'紅',	5000,	'2024-06-11 09:04:55',	'2024-06-11 09:04:55'),
(1596,	10,	'2XL',	'橙',	5000,	'2024-06-11 09:04:55',	'2024-06-11 09:04:55'),
(1597,	10,	'2XL',	'黃',	5000,	'2024-06-11 09:04:55',	'2024-06-11 09:04:55'),
(1598,	10,	'2XL',	'綠',	5000,	'2024-06-11 09:04:55',	'2024-06-11 09:04:55'),
(1599,	10,	'2XL',	'藍',	5000,	'2024-06-11 09:04:55',	'2024-06-11 09:04:55'),
(1600,	10,	'2XL',	'紫',	5000,	'2024-06-11 09:04:55',	'2024-06-11 09:04:55'),
(1601,	14,	'XS',	'紅',	5000,	'2024-06-11 09:05:15',	'2024-06-11 09:05:15'),
(1602,	14,	'XS',	'藍',	5000,	'2024-06-11 09:05:15',	'2024-06-11 09:05:15'),
(1603,	14,	'XS',	'白',	5000,	'2024-06-11 09:05:15',	'2024-06-11 09:05:15'),
(1604,	13,	'XS',	'紅',	5000,	'2024-06-11 09:05:32',	'2024-06-11 09:05:32'),
(1605,	13,	'XS',	'橙',	5000,	'2024-06-11 09:05:32',	'2024-06-11 09:05:32'),
(1606,	13,	'XS',	'黃',	5000,	'2024-06-11 09:05:32',	'2024-06-11 09:05:32'),
(1607,	13,	'XS',	'綠',	5000,	'2024-06-11 09:05:32',	'2024-06-11 09:05:32'),
(1608,	13,	'XS',	'藍',	5000,	'2024-06-11 09:05:32',	'2024-06-11 09:05:32'),
(1609,	13,	'XS',	'白',	5000,	'2024-06-11 09:05:32',	'2024-06-11 09:05:32'),
(1610,	13,	'2XL',	'紅',	5000,	'2024-06-11 09:05:37',	'2024-06-11 09:05:37'),
(1611,	13,	'2XL',	'橙',	5000,	'2024-06-11 09:05:37',	'2024-06-11 09:05:37'),
(1612,	13,	'2XL',	'黃',	5000,	'2024-06-11 09:05:37',	'2024-06-11 09:05:37'),
(1613,	13,	'2XL',	'綠',	5000,	'2024-06-11 09:05:37',	'2024-06-11 09:05:37'),
(1614,	13,	'2XL',	'藍',	5000,	'2024-06-11 09:05:37',	'2024-06-11 09:05:37'),
(1615,	13,	'2XL',	'白',	5000,	'2024-06-11 09:05:37',	'2024-06-11 09:05:37'),
(1616,	15,	'XS',	'白',	5000,	'2024-06-11 09:06:06',	'2024-06-11 09:06:06'),
(1617,	17,	'XS',	'粉色',	5000,	'2024-06-11 09:06:30',	'2024-06-11 09:06:30'),
(1618,	17,	'XS',	'白色',	5000,	'2024-06-11 09:06:30',	'2024-06-11 09:06:30');

DROP TABLE IF EXISTS `tracked_items`;
CREATE TABLE `tracked_items` (
  `id` bigint(20) unsigned NOT NULL AUTO_INCREMENT,
  `user_id` bigint(20) unsigned NOT NULL,
  `product_id` bigint(20) unsigned NOT NULL,
  `created_at` timestamp NULL DEFAULT NULL,
  `updated_at` timestamp NULL DEFAULT NULL,
  PRIMARY KEY (`id`)
) ENGINE=InnoDB DEFAULT CHARSET=utf8mb4 COLLATE=utf8mb4_unicode_ci;


DROP TABLE IF EXISTS `trial_items`;
CREATE TABLE `trial_items` (
  `id` bigint(20) unsigned NOT NULL AUTO_INCREMENT,
  `product_id` bigint(20) unsigned NOT NULL,
  `trial_product_id` bigint(20) unsigned NOT NULL,
  `created_at` timestamp NULL DEFAULT NULL,
  `updated_at` timestamp NULL DEFAULT NULL,
  PRIMARY KEY (`id`)
) ENGINE=InnoDB DEFAULT CHARSET=utf8mb4 COLLATE=utf8mb4_unicode_ci;

INSERT INTO `trial_items` (`id`, `product_id`, `trial_product_id`, `created_at`, `updated_at`) VALUES
(10,	10,	13,	'2024-05-01 01:41:28',	'2024-05-01 01:41:28'),
(12,	2,	10,	'2024-06-04 22:00:23',	'2024-06-04 22:00:23');

DROP TABLE IF EXISTS `users`;
CREATE TABLE `users` (
  `id` bigint(20) unsigned NOT NULL AUTO_INCREMENT,
  `name` varchar(255) COLLATE utf8mb4_unicode_ci NOT NULL,
  `email` varchar(255) COLLATE utf8mb4_unicode_ci NOT NULL,
  `email_verified_at` timestamp NULL DEFAULT NULL,
  `password` varchar(255) COLLATE utf8mb4_unicode_ci NOT NULL,
  `sex` int(11) NOT NULL,
  `birthday` date NOT NULL,
  `address` varchar(255) COLLATE utf8mb4_unicode_ci NOT NULL,
  `phone` varchar(255) COLLATE utf8mb4_unicode_ci NOT NULL,
  `remember_token` varchar(100) COLLATE utf8mb4_unicode_ci DEFAULT NULL,
  `created_at` timestamp NULL DEFAULT NULL,
  `updated_at` timestamp NULL DEFAULT NULL,
  `is_blocked` int(11) NOT NULL,
  PRIMARY KEY (`id`),
  UNIQUE KEY `users_email_unique` (`email`)
) ENGINE=InnoDB DEFAULT CHARSET=utf8mb4 COLLATE=utf8mb4_unicode_ci;

INSERT INTO `users` (`id`, `name`, `email`, `email_verified_at`, `password`, `sex`, `birthday`, `address`, `phone`, `remember_token`, `created_at`, `updated_at`, `is_blocked`) VALUES
(1,	'Fuuzuki',	'yaesakura716207@gmail.com',	NULL,	'$2y$12$hA9OvXww9FpjuWLfjrHE..4Zeq/xUQYND9.lZHD75/ijiorFgfzyO',	1,	'2024-03-07',	'我心裡',	'0912345678',	NULL,	'2024-03-12 19:50:09',	'2024-03-13 19:47:45',	0),
(2,	'admin',	'yaesakura0417@gmail.com',	NULL,	'$2y$12$LBjX/J7yqIRvmxx3XrzANuGTKSy/L541GS0YRb4gXs3Kvq9ZXxbmm',	1,	'2009-05-21',	'你心裡',	'0987878787',	NULL,	'2024-04-10 18:08:22',	'2024-04-10 18:08:22',	0);

-- 2024-06-11 19:02:32
