-- Adminer 4.8.1 MySQL 5.7.11 dump

SET NAMES utf8;
SET time_zone = '+00:00';
SET foreign_key_checks = 0;
SET sql_mode = 'NO_AUTO_VALUE_ON_ZERO';

SET NAMES utf8mb4;

DROP TABLE IF EXISTS `admins`;
CREATE TABLE `admins` (
  `id` bigint(20) unsigned NOT NULL AUTO_INCREMENT,
  `name` varchar(255) COLLATE utf8mb4_unicode_ci NOT NULL,
  `email` varchar(255) COLLATE utf8mb4_unicode_ci NOT NULL,
  `email_verified_at` timestamp NULL DEFAULT NULL,
  `password` varchar(255) COLLATE utf8mb4_unicode_ci NOT NULL,
  `is_active` tinyint(1) NOT NULL DEFAULT '1',
  `remember_token` varchar(100) COLLATE utf8mb4_unicode_ci DEFAULT NULL,
  `created_at` timestamp NULL DEFAULT NULL,
  `updated_at` timestamp NULL DEFAULT NULL,
  PRIMARY KEY (`id`),
  UNIQUE KEY `admins_email_unique` (`email`)
) ENGINE=InnoDB DEFAULT CHARSET=utf8mb4 COLLATE=utf8mb4_unicode_ci;

INSERT INTO `admins` (`id`, `name`, `email`, `email_verified_at`, `password`, `is_active`, `remember_token`, `created_at`, `updated_at`) VALUES
(1,	'Mrs. Magnolia Schmidt Sr.',	'nicklaus.breitenberg@example.net',	'2024-04-23 05:44:08',	'$2y$10$92IXUNpkjO0rOQ5byMi.Ye4oKoEa3Ro9llC/.og/at2.uheWG/igi',	1,	'SfBXrh0hKu',	'2024-04-23 05:44:08',	'2024-04-23 05:44:08'),
(2,	'Prof. Aimee Halvorson',	'lubowitz.anastacio@example.org',	'2024-04-23 05:44:08',	'$2y$10$92IXUNpkjO0rOQ5byMi.Ye4oKoEa3Ro9llC/.og/at2.uheWG/igi',	1,	'DDG8890NIN',	'2024-04-23 05:44:08',	'2024-04-23 05:44:08'),
(4,	'ADMIN',	'furina200337@gmail.com',	NULL,	'$2y$12$2DNkyD01CQjLCSjSc1z7aOW.oEXxEL3Sqm5tqWXAj6S9WUmGsxL4e',	1,	NULL,	'2024-04-23 06:23:57',	'2024-04-23 06:23:57'),
(5,	'admin01',	'my650441@yahoo.com.tw',	NULL,	'$2y$12$1FAEF36tan.eCZOrcLOCz.FoSbWeLW97vTNkv4UtElFdivLJchugi',	1,	NULL,	'2024-05-08 07:01:38',	'2024-05-08 07:01:38'),
(6,	'admin02',	'yaesakura0417@gmail.com',	NULL,	'$2y$12$JHanqu.jOWdlu4vawYVz5e.ahunG8SnNfyjW2XB6JlV0e8Ugu80Z6',	1,	NULL,	'2024-05-08 07:06:56',	'2024-05-08 07:06:56');

DROP TABLE IF EXISTS `cart_items`;
CREATE TABLE `cart_items` (
  `id` bigint(20) unsigned NOT NULL AUTO_INCREMENT,
  `user_id` bigint(20) unsigned NOT NULL,
  `product_id` bigint(20) unsigned NOT NULL,
  `quantity` int(11) NOT NULL,
  `created_at` timestamp NULL DEFAULT NULL,
  `updated_at` timestamp NULL DEFAULT NULL,
  `size` varchar(255) COLLATE utf8mb4_unicode_ci NOT NULL,
  `color` varchar(255) COLLATE utf8mb4_unicode_ci NOT NULL,
  PRIMARY KEY (`id`)
) ENGINE=InnoDB DEFAULT CHARSET=utf8mb4 COLLATE=utf8mb4_unicode_ci;


DROP TABLE IF EXISTS `categories`;
CREATE TABLE `categories` (
  `id` bigint(20) unsigned NOT NULL AUTO_INCREMENT,
  `name` varchar(255) COLLATE utf8mb4_unicode_ci NOT NULL,
  `created_at` timestamp NULL DEFAULT NULL,
  `updated_at` timestamp NULL DEFAULT NULL,
  `category_type` int(11) NOT NULL,
  PRIMARY KEY (`id`)
) ENGINE=InnoDB DEFAULT CHARSET=utf8mb4 COLLATE=utf8mb4_unicode_ci;

INSERT INTO `categories` (`id`, `name`, `created_at`, `updated_at`, `category_type`) VALUES
(1,	'短袖T-Shirt',	'2024-03-17 19:25:15',	'2024-03-17 19:25:15',	1),
(2,	'毛衣',	'2024-03-17 19:25:53',	'2024-03-17 19:25:53',	1),
(3,	'運動外套',	'2024-03-17 19:26:05',	'2024-03-17 19:26:05',	1),
(4,	'一般外套',	'2024-03-17 19:26:09',	'2024-03-17 19:29:42',	1),
(5,	'特殊風格',	'2024-03-17 19:30:10',	'2024-03-17 19:31:24',	1),
(6,	'防寒外套',	'2024-03-17 19:30:27',	'2024-03-17 19:30:27',	1),
(7,	'長袖上衣',	'2024-03-17 19:30:28',	'2024-03-17 19:31:54',	1),
(8,	'運動長褲',	'2024-03-17 19:37:05',	'2024-03-17 19:37:05',	2),
(9,	'運動短褲',	'2024-03-17 19:37:06',	'2024-03-17 19:38:16',	2),
(10,	'牛仔褲',	'2024-03-17 19:38:48',	'2024-03-17 19:38:48',	2),
(11,	'卡其褲',	'2024-03-17 19:38:49',	'2024-03-17 19:39:12',	2),
(12,	'運動褲',	'2024-03-27 19:40:44',	'2024-03-27 19:40:44',	2);

DROP TABLE IF EXISTS `combinations`;
CREATE TABLE `combinations` (
  `id` bigint(20) unsigned NOT NULL AUTO_INCREMENT,
  `staff_id` bigint(20) unsigned NOT NULL,
  `name` varchar(255) COLLATE utf8mb4_unicode_ci NOT NULL,
  `price` int(11) NOT NULL,
  `product_id` bigint(20) unsigned NOT NULL,
  `created_at` timestamp NULL DEFAULT NULL,
  `updated_at` timestamp NULL DEFAULT NULL,
  PRIMARY KEY (`id`)
) ENGINE=InnoDB DEFAULT CHARSET=utf8mb4 COLLATE=utf8mb4_unicode_ci;

INSERT INTO `combinations` (`id`, `staff_id`, `name`, `price`, `product_id`, `created_at`, `updated_at`) VALUES
(9,	0,	'Nike運動套裝',	1970,	1,	'2024-04-03 01:02:13',	'2024-04-03 01:02:13');

DROP TABLE IF EXISTS `combinations_detail`;
CREATE TABLE `combinations_detail` (
  `id` bigint(20) unsigned NOT NULL AUTO_INCREMENT,
  `combination_id` bigint(20) unsigned NOT NULL,
  `product_id` bigint(20) unsigned NOT NULL,
  `created_at` timestamp NULL DEFAULT NULL,
  `updated_at` timestamp NULL DEFAULT NULL,
  PRIMARY KEY (`id`),
  KEY `combination_id` (`combination_id`),
  KEY `product_id` (`product_id`),
  CONSTRAINT `combinations_detail_ibfk_1` FOREIGN KEY (`combination_id`) REFERENCES `combinations` (`id`),
  CONSTRAINT `combinations_detail_ibfk_2` FOREIGN KEY (`product_id`) REFERENCES `products` (`id`)
) ENGINE=InnoDB DEFAULT CHARSET=utf8mb4 COLLATE=utf8mb4_unicode_ci;

INSERT INTO `combinations_detail` (`id`, `combination_id`, `product_id`, `created_at`, `updated_at`) VALUES
(3,	9,	10,	'2024-04-03 01:02:13',	'2024-04-03 01:02:13'),
(4,	9,	6,	'2024-05-05 19:27:08',	'2024-05-05 19:27:08');

DROP TABLE IF EXISTS `failed_jobs`;
CREATE TABLE `failed_jobs` (
  `id` bigint(20) unsigned NOT NULL AUTO_INCREMENT,
  `uuid` varchar(255) COLLATE utf8mb4_unicode_ci NOT NULL,
  `connection` text COLLATE utf8mb4_unicode_ci NOT NULL,
  `queue` text COLLATE utf8mb4_unicode_ci NOT NULL,
  `payload` longtext COLLATE utf8mb4_unicode_ci NOT NULL,
  `exception` longtext COLLATE utf8mb4_unicode_ci NOT NULL,
  `failed_at` timestamp NOT NULL DEFAULT CURRENT_TIMESTAMP,
  PRIMARY KEY (`id`),
  UNIQUE KEY `failed_jobs_uuid_unique` (`uuid`)
) ENGINE=InnoDB DEFAULT CHARSET=utf8mb4 COLLATE=utf8mb4_unicode_ci;


DROP TABLE IF EXISTS `migrations`;
CREATE TABLE `migrations` (
  `id` int(10) unsigned NOT NULL AUTO_INCREMENT,
  `migration` varchar(255) COLLATE utf8mb4_unicode_ci NOT NULL,
  `batch` int(11) NOT NULL,
  PRIMARY KEY (`id`)
) ENGINE=InnoDB DEFAULT CHARSET=utf8mb4 COLLATE=utf8mb4_unicode_ci;

INSERT INTO `migrations` (`id`, `migration`, `batch`) VALUES
(1,	'2014_10_12_000000_create_users_table',	1),
(2,	'2014_10_12_100000_create_password_reset_tokens_table',	1),
(3,	'2019_08_19_000000_create_failed_jobs_table',	1),
(4,	'2019_12_14_000001_create_personal_access_tokens_table',	1),
(5,	'2024_03_18_031429_create_categories_table',	2),
(6,	'2024_03_18_035120_create_products_table',	3),
(7,	'2024_03_18_114417_create_product_photos_table',	3),
(8,	'2024_03_20_022437_create_tracked_items_table',	4),
(9,	'2024_03_20_022457_create_cart_items_table',	4),
(10,	'2024_03_25_082058_create_orders_table',	5),
(11,	'2024_03_25_083318_create_order_detials_table',	5),
(12,	'2024_03_26_061938_add_is_admin_to_users_table',	6),
(13,	'2024_03_26_214224_create_combinations_table',	7),
(14,	'2024_03_28_025053_combinations_detail',	8),
(15,	'2024_04_04_082655_add_size_column_to_cart_items_table',	9),
(16,	'2024_04_04_082759_add_size_column_to_order_details_table',	9),
(17,	'2024_04_05_111559_add_category_type_to_categories_table',	10),
(18,	'2024_04_23_133307_create_admin_table',	11),
(20,	'2024_04_24_020756_create_stocks_table',	12),
(21,	'2024_04_24_084121_add_color_to_order_detials',	12),
(23,	'2024_04_25_040315_create_specification_table',	13),
(24,	'2024_04_25_141334_add_color_to_cartitem',	14),
(27,	'2024_04_27_063103_create_trial_items_table',	15);

DROP TABLE IF EXISTS `orders`;
CREATE TABLE `orders` (
  `id` bigint(20) unsigned NOT NULL AUTO_INCREMENT,
  `user_id` bigint(20) unsigned NOT NULL,
  `amount` int(11) NOT NULL,
  `paymentmethodid` int(11) NOT NULL,
  `status` int(11) NOT NULL,
  `address` varchar(255) COLLATE utf8mb4_unicode_ci NOT NULL,
  `phone` varchar(255) COLLATE utf8mb4_unicode_ci NOT NULL,
  `trains_time` date NOT NULL,
  `comment` varchar(255) COLLATE utf8mb4_unicode_ci NOT NULL,
  `remit` int(11) NOT NULL,
  `staff_id` bigint(20) unsigned NOT NULL,
  `created_at` timestamp NULL DEFAULT NULL,
  `updated_at` timestamp NULL DEFAULT NULL,
  PRIMARY KEY (`id`)
) ENGINE=InnoDB DEFAULT CHARSET=utf8mb4 COLLATE=utf8mb4_unicode_ci;

INSERT INTO `orders` (`id`, `user_id`, `amount`, `paymentmethodid`, `status`, `address`, `phone`, `trains_time`, `comment`, `remit`, `staff_id`, `created_at`, `updated_at`) VALUES
(1,	1,	4070,	1,	6,	'你心裡',	'0987878787',	'2024-03-26',	'',	1,	1,	'2024-03-25 19:38:57',	'2024-03-26 18:47:09'),
(2,	1,	2970,	2,	6,	'你心裡',	'0987878787',	'2024-03-27',	'',	1,	1,	'2024-03-26 18:46:57',	'2024-03-27 05:07:00'),
(3,	1,	6320,	1,	6,	'你心裡',	'0987878787',	'2024-03-27',	'',	1,	1,	'2024-03-27 05:06:50',	'2024-05-08 00:44:40'),
(4,	1,	880,	1,	0,	'我心裡',	'aaaaa',	'2024-03-28',	'',	1,	1,	'2024-03-27 21:37:20',	'2024-03-27 21:37:20'),
(5,	1,	1100,	1,	0,	'你心裡',	'0912345678',	'2024-03-28',	'',	1,	1,	'2024-03-27 21:51:19',	'2024-03-27 21:51:19'),
(6,	1,	1970,	0,	0,	'你心裡',	'我心裡',	'2024-04-04',	'',	1,	1,	'2024-04-04 04:59:37',	'2024-04-04 04:59:37'),
(7,	1,	5940,	1,	0,	'你心裡',	'0987878787',	'2024-04-10',	'',	1,	1,	'2024-04-09 19:45:29',	'2024-04-09 19:45:29'),
(8,	1,	1980,	1,	0,	'你心裡',	'0987878787',	'2024-04-11',	'',	1,	1,	'2024-04-10 18:37:10',	'2024-04-10 18:37:10'),
(9,	1,	4620,	0,	0,	'你心裡',	'0987878787',	'2024-04-11',	'',	1,	1,	'2024-04-10 21:35:59',	'2024-04-10 21:35:59'),
(10,	1,	11399,	0,	0,	'你心裡',	'0987878787',	'2024-04-11',	'',	1,	1,	'2024-04-10 22:51:51',	'2024-04-10 22:51:51'),
(11,	1,	1980,	1,	0,	'你心裡',	'0987878787',	'2024-04-25',	'',	1,	1,	'2024-04-25 06:54:52',	'2024-04-25 06:54:52'),
(12,	1,	1980,	1,	0,	'你心裡',	'0987878787',	'2024-04-25',	'',	1,	1,	'2024-04-25 06:55:27',	'2024-04-25 06:55:27'),
(13,	1,	1980,	1,	6,	'你心裡',	'0987878787',	'2024-04-25',	'',	1,	1,	'2024-04-25 06:55:27',	'2024-04-25 06:55:48'),
(14,	1,	1970,	2,	0,	'你心裡',	'0987878787',	'2024-04-25',	'',	1,	1,	'2024-04-25 07:35:32',	'2024-04-25 07:35:32'),
(15,	1,	2970,	0,	0,	'你心裡',	'0987878787',	'2024-05-02',	'',	1,	1,	'2024-05-01 19:43:57',	'2024-05-01 19:43:57'),
(16,	1,	1970,	1,	0,	'你心裡',	'0987878787',	'2024-05-02',	'',	1,	1,	'2024-05-01 19:44:36',	'2024-05-01 19:44:36'),
(17,	1,	1980,	0,	0,	'你心裡',	'0987878787',	'2024-05-08',	'',	1,	1,	'2024-05-07 23:42:48',	'2024-05-07 23:42:48'),
(18,	1,	2970,	2,	5,	'你心裡',	'0987878787',	'2024-05-08',	'',	1,	1,	'2024-05-07 23:45:34',	'2024-05-08 00:46:02');

DROP TABLE IF EXISTS `order_detials`;
CREATE TABLE `order_detials` (
  `id` bigint(20) unsigned NOT NULL AUTO_INCREMENT,
  `order_id` bigint(20) unsigned NOT NULL,
  `product_id` bigint(20) unsigned NOT NULL,
  `quantity` int(11) NOT NULL,
  `created_at` timestamp NULL DEFAULT NULL,
  `updated_at` timestamp NULL DEFAULT NULL,
  `size` varchar(255) COLLATE utf8mb4_unicode_ci NOT NULL,
  `color` varchar(255) COLLATE utf8mb4_unicode_ci NOT NULL,
  PRIMARY KEY (`id`)
) ENGINE=InnoDB DEFAULT CHARSET=utf8mb4 COLLATE=utf8mb4_unicode_ci;

INSERT INTO `order_detials` (`id`, `order_id`, `product_id`, `quantity`, `created_at`, `updated_at`, `size`, `color`) VALUES
(1,	1,	1,	3,	'2024-03-25 19:38:57',	'2024-03-25 19:38:57',	'',	''),
(2,	1,	3,	1,	'2024-03-25 19:38:57',	'2024-03-25 19:38:57',	'',	''),
(3,	2,	1,	3,	'2024-03-26 18:46:57',	'2024-03-26 18:46:57',	'',	''),
(4,	3,	7,	4,	'2024-03-27 05:06:50',	'2024-03-27 05:06:50',	'',	''),
(5,	4,	2,	1,	'2024-03-27 21:37:20',	'2024-03-27 21:37:20',	'',	''),
(6,	5,	3,	1,	'2024-03-27 21:51:19',	'2024-03-27 21:51:19',	'',	''),
(7,	6,	1,	1,	'2024-04-04 04:59:37',	'2024-04-04 04:59:37',	'M',	''),
(8,	6,	10,	1,	'2024-04-04 04:59:37',	'2024-04-04 04:59:37',	'L',	''),
(9,	7,	1,	1,	'2024-04-09 19:45:29',	'2024-04-09 19:45:29',	'M',	''),
(10,	7,	1,	2,	'2024-04-09 19:45:29',	'2024-04-09 19:45:29',	'M',	''),
(11,	7,	1,	3,	'2024-04-09 19:45:29',	'2024-04-09 19:45:29',	'L',	''),
(12,	8,	13,	3,	'2024-04-10 18:37:10',	'2024-04-10 18:37:10',	'XL',	''),
(13,	9,	13,	7,	'2024-04-10 21:35:59',	'2024-04-10 21:35:59',	'L',	''),
(14,	10,	4,	1,	'2024-04-10 22:51:51',	'2024-04-10 22:51:51',	'XS',	''),
(15,	10,	3,	10,	'2024-04-10 22:51:51',	'2024-04-10 22:51:51',	'2XL',	''),
(16,	12,	1,	2,	'2024-04-25 06:55:27',	'2024-04-25 06:55:27',	'L',	'黃'),
(17,	14,	1,	1,	'2024-04-25 07:35:32',	'2024-04-25 07:35:32',	'XL',	'橙'),
(18,	14,	10,	1,	'2024-04-25 07:35:32',	'2024-04-25 07:35:32',	'XL',	'紅'),
(19,	15,	1,	3,	'2024-05-01 19:43:57',	'2024-05-01 19:43:57',	'M',	'黃'),
(20,	16,	1,	1,	'2024-05-01 19:44:36',	'2024-05-01 19:44:36',	'M',	'藍'),
(21,	16,	10,	1,	'2024-05-01 19:44:36',	'2024-05-01 19:44:36',	'L',	'紫'),
(22,	17,	1,	2,	'2024-05-07 23:42:48',	'2024-05-07 23:42:48',	'M',	'橙'),
(23,	18,	1,	3,	'2024-05-07 23:45:34',	'2024-05-07 23:45:34',	'S',	'紫');

DROP TABLE IF EXISTS `password_reset_tokens`;
CREATE TABLE `password_reset_tokens` (
  `email` varchar(255) COLLATE utf8mb4_unicode_ci NOT NULL,
  `token` varchar(255) COLLATE utf8mb4_unicode_ci NOT NULL,
  `created_at` timestamp NULL DEFAULT NULL,
  PRIMARY KEY (`email`)
) ENGINE=InnoDB DEFAULT CHARSET=utf8mb4 COLLATE=utf8mb4_unicode_ci;


DROP TABLE IF EXISTS `personal_access_tokens`;
CREATE TABLE `personal_access_tokens` (
  `id` bigint(20) unsigned NOT NULL AUTO_INCREMENT,
  `tokenable_type` varchar(255) COLLATE utf8mb4_unicode_ci NOT NULL,
  `tokenable_id` bigint(20) unsigned NOT NULL,
  `name` varchar(255) COLLATE utf8mb4_unicode_ci NOT NULL,
  `token` varchar(64) COLLATE utf8mb4_unicode_ci NOT NULL,
  `abilities` text COLLATE utf8mb4_unicode_ci,
  `last_used_at` timestamp NULL DEFAULT NULL,
  `expires_at` timestamp NULL DEFAULT NULL,
  `created_at` timestamp NULL DEFAULT NULL,
  `updated_at` timestamp NULL DEFAULT NULL,
  PRIMARY KEY (`id`),
  UNIQUE KEY `personal_access_tokens_token_unique` (`token`),
  KEY `personal_access_tokens_tokenable_type_tokenable_id_index` (`tokenable_type`,`tokenable_id`)
) ENGINE=InnoDB DEFAULT CHARSET=utf8mb4 COLLATE=utf8mb4_unicode_ci;


DROP TABLE IF EXISTS `products`;
CREATE TABLE `products` (
  `id` bigint(20) unsigned NOT NULL AUTO_INCREMENT,
  `name` varchar(255) COLLATE utf8mb4_unicode_ci NOT NULL,
  `stock` int(11) NOT NULL,
  `price` int(11) NOT NULL,
  `description` varchar(255) COLLATE utf8mb4_unicode_ci NOT NULL,
  `is_shelf` int(11) NOT NULL,
  `category_id` bigint(20) unsigned NOT NULL,
  `created_at` timestamp NULL DEFAULT NULL,
  `updated_at` timestamp NULL DEFAULT NULL,
  PRIMARY KEY (`id`)
) ENGINE=InnoDB DEFAULT CHARSET=utf8mb4 COLLATE=utf8mb4_unicode_ci;

INSERT INTO `products` (`id`, `name`, `stock`, `price`, `description`, `is_shelf`, `category_id`, `created_at`, `updated_at`) VALUES
(1,	'NIKE T-Shirt',	0,	990,	'NIKE T-Shirt',	1,	1,	'2024-03-18 05:42:04',	'2024-03-18 05:42:04'),
(2,	'ADIDAS T-Shirt',	0,	880,	'ADIDAS T-Shirt',	1,	1,	'2024-03-18 05:45:38',	'2024-03-18 05:45:38'),
(3,	'uniqlo 毛衣',	0,	1100,	'uniqlo 毛衣',	1,	2,	'2024-03-18 05:47:50',	'2024-03-18 05:47:50'),
(4,	'La BellezaV領素色麻花長版針織毛衣',	0,	399,	'La BellezaV領素色麻花長版針織毛衣',	1,	2,	'2024-03-18 20:32:22',	'2024-03-18 20:32:22'),
(5,	'ADIDAS運動外套',	0,	1580,	'ADIDAS運動外套',	1,	3,	'2024-03-18 20:34:27',	'2024-03-18 20:34:27'),
(6,	'NIKE運動外套',	0,	1690,	'NIKE運動外套',	1,	3,	'2024-03-18 20:35:28',	'2024-03-18 20:35:28'),
(7,	'連帽夾克外套',	0,	1580,	'連帽夾克外套',	1,	4,	'2024-03-18 20:37:08',	'2024-03-18 20:37:08'),
(8,	'三合一外套',	0,	13504,	'三合一外套',	1,	4,	'2024-03-18 20:37:58',	'2024-03-18 20:37:58'),
(9,	'小紅帽洛麗塔',	0,	999,	'小紅帽洛麗塔',	1,	5,	'2024-03-18 20:39:30',	'2024-03-18 20:39:30'),
(10,	'Nike 運動束褲',	0,	980,	'Nike 運動束褲',	1,	12,	'2024-03-27 19:41:32',	'2024-03-27 19:41:32'),
(13,	'可瑪莉痛T',	0,	660,	'コマリン！コマリン！',	1,	1,	'2024-04-10 06:53:06',	'2024-04-10 06:53:06');

DROP TABLE IF EXISTS `product_photos`;
CREATE TABLE `product_photos` (
  `id` bigint(20) unsigned NOT NULL AUTO_INCREMENT,
  `product_id` bigint(20) unsigned NOT NULL,
  `file_address` varchar(255) COLLATE utf8mb4_unicode_ci NOT NULL,
  `created_at` timestamp NULL DEFAULT NULL,
  `updated_at` timestamp NULL DEFAULT NULL,
  PRIMARY KEY (`id`)
) ENGINE=InnoDB DEFAULT CHARSET=utf8mb4 COLLATE=utf8mb4_unicode_ci;

INSERT INTO `product_photos` (`id`, `product_id`, `file_address`, `created_at`, `updated_at`) VALUES
(1,	1,	'1710769324.jpg',	'2024-03-18 05:42:04',	'2024-03-18 05:42:04'),
(2,	2,	'1710769538.jpg',	'2024-03-18 05:45:38',	'2024-03-18 05:45:38'),
(3,	3,	'1710769670.jpg',	'2024-03-18 05:47:50',	'2024-03-18 05:47:50'),
(4,	4,	'1710822742.jpg',	'2024-03-18 20:32:23',	'2024-03-18 20:32:23'),
(5,	5,	'1710822867.jpg',	'2024-03-18 20:34:27',	'2024-03-18 20:34:27'),
(6,	6,	'1710822928.jpg',	'2024-03-18 20:35:28',	'2024-03-18 20:35:28'),
(7,	7,	'1710823028.jpg',	'2024-03-18 20:37:08',	'2024-03-18 20:37:08'),
(8,	8,	'1710823078.jpg',	'2024-03-18 20:37:58',	'2024-03-18 20:37:58'),
(9,	9,	'1710823170.jpg',	'2024-03-18 20:39:30',	'2024-03-18 20:39:30'),
(10,	10,	'1711597292.jpg',	'2024-03-27 19:41:32',	'2024-03-27 19:41:32'),
(12,	13,	'GIwdd_xasAA0BKe.jpg',	'2024-04-10 06:53:06',	'2024-04-10 06:53:06'),
(13,	13,	'tw-11134207-7r98s-lomlaekg3v5oad.jfif',	'2024-04-10 06:53:06',	'2024-04-10 06:53:06');

DROP TABLE IF EXISTS `specification`;
CREATE TABLE `specification` (
  `id` bigint(20) unsigned NOT NULL AUTO_INCREMENT,
  `product_id` bigint(20) unsigned NOT NULL,
  `specification_type` varchar(255) COLLATE utf8mb4_unicode_ci NOT NULL,
  `name` varchar(255) COLLATE utf8mb4_unicode_ci NOT NULL,
  `created_at` timestamp NULL DEFAULT NULL,
  `updated_at` timestamp NULL DEFAULT NULL,
  PRIMARY KEY (`id`)
) ENGINE=InnoDB DEFAULT CHARSET=utf8mb4 COLLATE=utf8mb4_unicode_ci;

INSERT INTO `specification` (`id`, `product_id`, `specification_type`, `name`, `created_at`, `updated_at`) VALUES
(1,	1,	'size',	'XS',	'2024-04-24 21:28:52',	'2024-04-24 21:28:52'),
(2,	1,	'size',	'S',	'2024-04-24 21:28:52',	'2024-04-24 21:28:52'),
(3,	1,	'size',	'M',	'2024-04-24 21:28:52',	'2024-04-24 21:28:52'),
(4,	1,	'size',	'L',	'2024-04-24 21:28:52',	'2024-04-24 21:28:52'),
(5,	1,	'size',	'XL',	'2024-04-24 21:28:52',	'2024-04-24 21:28:52'),
(7,	2,	'size',	'XS',	'2024-04-24 21:28:52',	'2024-04-24 21:28:52'),
(8,	2,	'size',	'S',	'2024-04-24 21:28:52',	'2024-04-24 21:28:52'),
(9,	2,	'size',	'M',	'2024-04-24 21:28:52',	'2024-04-24 21:28:52'),
(10,	2,	'size',	'L',	'2024-04-24 21:28:52',	'2024-04-24 21:28:52'),
(11,	2,	'size',	'XL',	'2024-04-24 21:28:52',	'2024-04-24 21:28:52'),
(12,	2,	'size',	'2XL',	'2024-04-24 21:28:52',	'2024-04-24 21:28:52'),
(13,	3,	'size',	'XS',	'2024-04-24 21:28:52',	'2024-04-24 21:28:52'),
(14,	3,	'size',	'S',	'2024-04-24 21:28:52',	'2024-04-24 21:28:52'),
(15,	3,	'size',	'M',	'2024-04-24 21:28:52',	'2024-04-24 21:28:52'),
(16,	3,	'size',	'L',	'2024-04-24 21:28:52',	'2024-04-24 21:28:52'),
(17,	3,	'size',	'XL',	'2024-04-24 21:28:52',	'2024-04-24 21:28:52'),
(18,	3,	'size',	'2XL',	'2024-04-24 21:28:52',	'2024-04-24 21:28:52'),
(19,	4,	'size',	'XS',	'2024-04-24 21:28:52',	'2024-04-24 21:28:52'),
(20,	4,	'size',	'S',	'2024-04-24 21:28:52',	'2024-04-24 21:28:52'),
(21,	4,	'size',	'M',	'2024-04-24 21:28:52',	'2024-04-24 21:28:52'),
(22,	4,	'size',	'L',	'2024-04-24 21:28:52',	'2024-04-24 21:28:52'),
(23,	4,	'size',	'XL',	'2024-04-24 21:28:52',	'2024-04-24 21:28:52'),
(24,	4,	'size',	'2XL',	'2024-04-24 21:28:52',	'2024-04-24 21:28:52'),
(25,	5,	'size',	'XS',	'2024-04-24 21:28:52',	'2024-04-24 21:28:52'),
(26,	5,	'size',	'S',	'2024-04-24 21:28:52',	'2024-04-24 21:28:52'),
(27,	5,	'size',	'M',	'2024-04-24 21:28:52',	'2024-04-24 21:28:52'),
(28,	5,	'size',	'L',	'2024-04-24 21:28:52',	'2024-04-24 21:28:52'),
(29,	5,	'size',	'XL',	'2024-04-24 21:28:52',	'2024-04-24 21:28:52'),
(30,	5,	'size',	'2XL',	'2024-04-24 21:28:52',	'2024-04-24 21:28:52'),
(31,	6,	'size',	'XS',	'2024-04-24 21:28:52',	'2024-04-24 21:28:52'),
(32,	6,	'size',	'S',	'2024-04-24 21:28:52',	'2024-04-24 21:28:52'),
(33,	6,	'size',	'M',	'2024-04-24 21:28:52',	'2024-04-24 21:28:52'),
(34,	6,	'size',	'L',	'2024-04-24 21:28:52',	'2024-04-24 21:28:52'),
(35,	6,	'size',	'XL',	'2024-04-24 21:28:52',	'2024-04-24 21:28:52'),
(36,	6,	'size',	'2XL',	'2024-04-24 21:28:52',	'2024-04-24 21:28:52'),
(38,	7,	'size',	'S',	'2024-04-24 21:28:52',	'2024-04-24 21:28:52'),
(39,	7,	'size',	'M',	'2024-04-24 21:28:52',	'2024-04-24 21:28:52'),
(40,	7,	'size',	'L',	'2024-04-24 21:28:52',	'2024-04-24 21:28:52'),
(41,	7,	'size',	'XL',	'2024-04-24 21:28:52',	'2024-04-24 21:28:52'),
(42,	7,	'size',	'2XL',	'2024-04-24 21:28:52',	'2024-04-24 21:28:52'),
(43,	8,	'size',	'XS',	'2024-04-24 21:28:52',	'2024-04-24 21:28:52'),
(44,	8,	'size',	'S',	'2024-04-24 21:28:52',	'2024-04-24 21:28:52'),
(45,	8,	'size',	'M',	'2024-04-24 21:28:52',	'2024-04-24 21:28:52'),
(46,	8,	'size',	'L',	'2024-04-24 21:28:52',	'2024-04-24 21:28:52'),
(47,	8,	'size',	'XL',	'2024-04-24 21:28:52',	'2024-04-24 21:28:52'),
(48,	8,	'size',	'2XL',	'2024-04-24 21:28:52',	'2024-04-24 21:28:52'),
(50,	9,	'size',	'S',	'2024-04-24 21:28:52',	'2024-04-24 21:28:52'),
(51,	9,	'size',	'M',	'2024-04-24 21:28:52',	'2024-04-24 21:28:52'),
(52,	9,	'size',	'L',	'2024-04-24 21:28:52',	'2024-04-24 21:28:52'),
(53,	9,	'size',	'XL',	'2024-04-24 21:28:52',	'2024-04-24 21:28:52'),
(55,	10,	'size',	'XS',	'2024-04-24 21:28:52',	'2024-04-24 21:28:52'),
(56,	10,	'size',	'S',	'2024-04-24 21:28:52',	'2024-04-24 21:28:52'),
(57,	10,	'size',	'M',	'2024-04-24 21:28:52',	'2024-04-24 21:28:52'),
(58,	10,	'size',	'L',	'2024-04-24 21:28:52',	'2024-04-24 21:28:52'),
(59,	10,	'size',	'XL',	'2024-04-24 21:28:52',	'2024-04-24 21:28:52'),
(60,	10,	'size',	'2XL',	'2024-04-24 21:28:52',	'2024-04-24 21:28:52'),
(61,	13,	'size',	'XS',	'2024-04-24 21:28:52',	'2024-04-24 21:28:52'),
(62,	13,	'size',	'S',	'2024-04-24 21:28:52',	'2024-04-24 21:28:52'),
(63,	13,	'size',	'M',	'2024-04-24 21:28:52',	'2024-04-24 21:28:52'),
(64,	13,	'size',	'L',	'2024-04-24 21:28:52',	'2024-04-24 21:28:52'),
(65,	13,	'size',	'XL',	'2024-04-24 21:28:52',	'2024-04-24 21:28:52'),
(66,	13,	'size',	'2XL',	'2024-04-24 21:28:52',	'2024-04-24 21:28:52'),
(67,	1,	'color',	'紅',	'2024-04-24 21:31:27',	'2024-04-24 21:31:27'),
(68,	1,	'color',	'橙',	'2024-04-24 21:31:27',	'2024-04-24 21:31:27'),
(69,	1,	'color',	'黃',	'2024-04-24 21:31:27',	'2024-04-24 21:31:27'),
(70,	1,	'color',	'綠',	'2024-04-24 21:31:27',	'2024-04-24 21:31:27'),
(71,	1,	'color',	'藍',	'2024-04-24 21:31:27',	'2024-04-24 21:31:27'),
(72,	1,	'color',	'紫',	'2024-04-24 21:31:27',	'2024-04-24 21:31:27'),
(73,	2,	'color',	'紅',	'2024-04-24 21:31:27',	'2024-04-24 21:31:27'),
(74,	2,	'color',	'橙',	'2024-04-24 21:31:27',	'2024-04-24 21:31:27'),
(75,	2,	'color',	'黃',	'2024-04-24 21:31:27',	'2024-04-24 21:31:27'),
(76,	2,	'color',	'綠',	'2024-04-24 21:31:27',	'2024-04-24 21:31:27'),
(77,	2,	'color',	'藍',	'2024-04-24 21:31:27',	'2024-04-24 21:31:27'),
(78,	2,	'color',	'紫',	'2024-04-24 21:31:27',	'2024-04-24 21:31:27'),
(79,	3,	'color',	'紅',	'2024-04-24 21:31:27',	'2024-04-24 21:31:27'),
(80,	3,	'color',	'橙',	'2024-04-24 21:31:27',	'2024-04-24 21:31:27'),
(81,	3,	'color',	'黃',	'2024-04-24 21:31:27',	'2024-04-24 21:31:27'),
(82,	3,	'color',	'綠',	'2024-04-24 21:31:27',	'2024-04-24 21:31:27'),
(83,	3,	'color',	'藍',	'2024-04-24 21:31:27',	'2024-04-24 21:31:27'),
(84,	3,	'color',	'紫',	'2024-04-24 21:31:27',	'2024-04-24 21:31:27'),
(85,	4,	'color',	'紅',	'2024-04-24 21:31:27',	'2024-04-24 21:31:27'),
(86,	4,	'color',	'橙',	'2024-04-24 21:31:27',	'2024-04-24 21:31:27'),
(87,	4,	'color',	'黃',	'2024-04-24 21:31:27',	'2024-04-24 21:31:27'),
(88,	4,	'color',	'綠',	'2024-04-24 21:31:27',	'2024-04-24 21:31:27'),
(89,	4,	'color',	'藍',	'2024-04-24 21:31:27',	'2024-04-24 21:31:27'),
(90,	4,	'color',	'紫',	'2024-04-24 21:31:27',	'2024-04-24 21:31:27'),
(91,	5,	'color',	'紅',	'2024-04-24 21:31:27',	'2024-04-24 21:31:27'),
(92,	5,	'color',	'橙',	'2024-04-24 21:31:27',	'2024-04-24 21:31:27'),
(93,	5,	'color',	'黃',	'2024-04-24 21:31:27',	'2024-04-24 21:31:27'),
(94,	5,	'color',	'綠',	'2024-04-24 21:31:27',	'2024-04-24 21:31:27'),
(95,	5,	'color',	'藍',	'2024-04-24 21:31:27',	'2024-04-24 21:31:27'),
(96,	5,	'color',	'紫',	'2024-04-24 21:31:27',	'2024-04-24 21:31:27'),
(97,	6,	'color',	'紅',	'2024-04-24 21:31:27',	'2024-04-24 21:31:27'),
(98,	6,	'color',	'橙',	'2024-04-24 21:31:27',	'2024-04-24 21:31:27'),
(99,	6,	'color',	'黃',	'2024-04-24 21:31:27',	'2024-04-24 21:31:27'),
(100,	6,	'color',	'綠',	'2024-04-24 21:31:27',	'2024-04-24 21:31:27'),
(101,	6,	'color',	'藍',	'2024-04-24 21:31:27',	'2024-04-24 21:31:27'),
(102,	6,	'color',	'紫',	'2024-04-24 21:31:27',	'2024-04-24 21:31:27'),
(103,	7,	'color',	'紅',	'2024-04-24 21:31:27',	'2024-04-24 21:31:27'),
(104,	7,	'color',	'橙',	'2024-04-24 21:31:27',	'2024-04-24 21:31:27'),
(105,	7,	'color',	'黃',	'2024-04-24 21:31:27',	'2024-04-24 21:31:27'),
(106,	7,	'color',	'綠',	'2024-04-24 21:31:27',	'2024-04-24 21:31:27'),
(107,	7,	'color',	'藍',	'2024-04-24 21:31:27',	'2024-04-24 21:31:27'),
(108,	7,	'color',	'紫',	'2024-04-24 21:31:27',	'2024-04-24 21:31:27'),
(109,	8,	'color',	'紅',	'2024-04-24 21:31:27',	'2024-04-24 21:31:27'),
(110,	8,	'color',	'橙',	'2024-04-24 21:31:27',	'2024-04-24 21:31:27'),
(111,	8,	'color',	'黃',	'2024-04-24 21:31:27',	'2024-04-24 21:31:27'),
(112,	8,	'color',	'綠',	'2024-04-24 21:31:27',	'2024-04-24 21:31:27'),
(113,	8,	'color',	'藍',	'2024-04-24 21:31:27',	'2024-04-24 21:31:27'),
(114,	8,	'color',	'紫',	'2024-04-24 21:31:27',	'2024-04-24 21:31:27'),
(115,	9,	'color',	'紅',	'2024-04-24 21:31:27',	'2024-04-24 21:31:27'),
(116,	9,	'color',	'橙',	'2024-04-24 21:31:27',	'2024-04-24 21:31:27'),
(117,	9,	'color',	'黃',	'2024-04-24 21:31:27',	'2024-04-24 21:31:27'),
(118,	9,	'color',	'綠',	'2024-04-24 21:31:27',	'2024-04-24 21:31:27'),
(119,	9,	'color',	'藍',	'2024-04-24 21:31:27',	'2024-04-24 21:31:27'),
(120,	9,	'color',	'紫',	'2024-04-24 21:31:27',	'2024-04-24 21:31:27'),
(121,	10,	'color',	'紅',	'2024-04-24 21:31:27',	'2024-04-24 21:31:27'),
(122,	10,	'color',	'橙',	'2024-04-24 21:31:27',	'2024-04-24 21:31:27'),
(123,	10,	'color',	'黃',	'2024-04-24 21:31:27',	'2024-04-24 21:31:27'),
(124,	10,	'color',	'綠',	'2024-04-24 21:31:27',	'2024-04-24 21:31:27'),
(125,	10,	'color',	'藍',	'2024-04-24 21:31:27',	'2024-04-24 21:31:27'),
(126,	10,	'color',	'紫',	'2024-04-24 21:31:27',	'2024-04-24 21:31:27'),
(127,	13,	'color',	'紅',	'2024-04-24 21:31:27',	'2024-04-24 21:31:27'),
(128,	13,	'color',	'橙',	'2024-04-24 21:31:27',	'2024-04-24 21:31:27'),
(129,	13,	'color',	'黃',	'2024-04-24 21:31:27',	'2024-04-24 21:31:27'),
(130,	13,	'color',	'綠',	'2024-04-24 21:31:27',	'2024-04-24 21:31:27'),
(131,	13,	'color',	'藍',	'2024-04-24 21:31:27',	'2024-04-24 21:31:27'),
(132,	13,	'color',	'紫',	'2024-04-24 21:31:27',	'2024-04-24 21:31:27'),
(133,	6,	'size',	'3XL',	'2024-05-06 00:25:46',	'2024-05-06 00:25:46'),
(141,	1,	'size',	'2XL',	'2024-05-07 06:59:11',	'2024-05-07 06:59:11');

DROP TABLE IF EXISTS `stocks`;
CREATE TABLE `stocks` (
  `id` bigint(20) unsigned NOT NULL AUTO_INCREMENT,
  `product_id` bigint(20) unsigned NOT NULL,
  `size` varchar(255) COLLATE utf8mb4_unicode_ci NOT NULL,
  `color` varchar(255) COLLATE utf8mb4_unicode_ci NOT NULL,
  `stock` int(11) NOT NULL,
  `created_at` timestamp NULL DEFAULT NULL,
  `updated_at` timestamp NULL DEFAULT NULL,
  PRIMARY KEY (`id`)
) ENGINE=InnoDB DEFAULT CHARSET=utf8mb4 COLLATE=utf8mb4_unicode_ci;

INSERT INTO `stocks` (`id`, `product_id`, `size`, `color`, `stock`, `created_at`, `updated_at`) VALUES
(799,	1,	'S',	'紅',	5000,	'2024-04-26 12:11:40',	'2024-04-26 12:11:40'),
(800,	1,	'S',	'橙',	5000,	'2024-04-26 12:11:40',	'2024-04-26 12:11:40'),
(801,	1,	'S',	'黃',	5000,	'2024-04-26 12:11:40',	'2024-04-26 12:11:40'),
(802,	1,	'S',	'綠',	5000,	'2024-04-26 12:11:40',	'2024-04-26 12:11:40'),
(803,	1,	'S',	'藍',	5000,	'2024-04-26 12:11:40',	'2024-04-26 12:11:40'),
(804,	1,	'S',	'紫',	4997,	'2024-04-26 12:11:40',	'2024-05-07 23:45:34'),
(805,	1,	'M',	'紅',	5000,	'2024-04-26 12:11:40',	'2024-04-26 12:11:40'),
(806,	1,	'M',	'橙',	5000,	'2024-04-26 12:11:40',	'2024-04-26 12:11:40'),
(807,	1,	'M',	'黃',	5000,	'2024-04-26 12:11:40',	'2024-04-26 12:11:40'),
(808,	1,	'M',	'綠',	5000,	'2024-04-26 12:11:40',	'2024-04-26 12:11:40'),
(809,	1,	'M',	'藍',	5000,	'2024-04-26 12:11:40',	'2024-04-26 12:11:40'),
(810,	1,	'M',	'紫',	5000,	'2024-04-26 12:11:40',	'2024-04-26 12:11:40'),
(811,	1,	'L',	'紅',	5000,	'2024-04-26 12:11:40',	'2024-04-26 12:11:40'),
(812,	1,	'L',	'橙',	5000,	'2024-04-26 12:11:40',	'2024-04-26 12:11:40'),
(813,	1,	'L',	'黃',	5000,	'2024-04-26 12:11:40',	'2024-04-26 12:11:40'),
(814,	1,	'L',	'綠',	5000,	'2024-04-26 12:11:40',	'2024-04-26 12:11:40'),
(815,	1,	'L',	'藍',	5000,	'2024-04-26 12:11:40',	'2024-04-26 12:11:40'),
(816,	1,	'L',	'紫',	5000,	'2024-04-26 12:11:40',	'2024-04-26 12:11:40'),
(817,	1,	'XL',	'紅',	5000,	'2024-04-26 12:11:40',	'2024-04-26 12:11:40'),
(818,	1,	'XL',	'橙',	5000,	'2024-04-26 12:11:40',	'2024-04-26 12:11:40'),
(819,	1,	'XL',	'黃',	5000,	'2024-04-26 12:11:40',	'2024-04-26 12:11:40'),
(820,	1,	'XL',	'綠',	5000,	'2024-04-26 12:11:40',	'2024-04-26 12:11:40'),
(821,	1,	'XL',	'藍',	5000,	'2024-04-26 12:11:40',	'2024-04-26 12:11:40'),
(822,	1,	'XL',	'紫',	5000,	'2024-04-26 12:11:40',	'2024-04-26 12:11:40'),
(835,	2,	'S',	'紅',	5000,	'2024-04-26 12:11:40',	'2024-04-26 12:11:40'),
(836,	2,	'S',	'橙',	5000,	'2024-04-26 12:11:40',	'2024-04-26 12:11:40'),
(837,	2,	'S',	'黃',	5000,	'2024-04-26 12:11:41',	'2024-04-26 12:11:41'),
(838,	2,	'S',	'綠',	5000,	'2024-04-26 12:11:41',	'2024-04-26 12:11:41'),
(839,	2,	'S',	'藍',	5000,	'2024-04-26 12:11:41',	'2024-04-26 12:11:41'),
(840,	2,	'S',	'紫',	5000,	'2024-04-26 12:11:41',	'2024-04-26 12:11:41'),
(841,	2,	'M',	'紅',	5000,	'2024-04-26 12:11:41',	'2024-04-26 12:11:41'),
(842,	2,	'M',	'橙',	5000,	'2024-04-26 12:11:41',	'2024-04-26 12:11:41'),
(843,	2,	'M',	'黃',	5000,	'2024-04-26 12:11:41',	'2024-04-26 12:11:41'),
(844,	2,	'M',	'綠',	5000,	'2024-04-26 12:11:41',	'2024-04-26 12:11:41'),
(845,	2,	'M',	'藍',	5000,	'2024-04-26 12:11:41',	'2024-04-26 12:11:41'),
(846,	2,	'M',	'紫',	5000,	'2024-04-26 12:11:41',	'2024-04-26 12:11:41'),
(847,	2,	'L',	'紅',	5000,	'2024-04-26 12:11:41',	'2024-04-26 12:11:41'),
(848,	2,	'L',	'橙',	5000,	'2024-04-26 12:11:41',	'2024-04-26 12:11:41'),
(849,	2,	'L',	'黃',	5000,	'2024-04-26 12:11:41',	'2024-04-26 12:11:41'),
(850,	2,	'L',	'綠',	5000,	'2024-04-26 12:11:41',	'2024-04-26 12:11:41'),
(851,	2,	'L',	'藍',	5000,	'2024-04-26 12:11:41',	'2024-04-26 12:11:41'),
(852,	2,	'L',	'紫',	5000,	'2024-04-26 12:11:41',	'2024-04-26 12:11:41'),
(853,	2,	'XL',	'紅',	5000,	'2024-04-26 12:11:41',	'2024-04-26 12:11:41'),
(854,	2,	'XL',	'橙',	5000,	'2024-04-26 12:11:41',	'2024-04-26 12:11:41'),
(855,	2,	'XL',	'黃',	5000,	'2024-04-26 12:11:41',	'2024-04-26 12:11:41'),
(856,	2,	'XL',	'綠',	5000,	'2024-04-26 12:11:41',	'2024-04-26 12:11:41'),
(857,	2,	'XL',	'藍',	5000,	'2024-04-26 12:11:41',	'2024-04-26 12:11:41'),
(858,	2,	'XL',	'紫',	5000,	'2024-04-26 12:11:41',	'2024-04-26 12:11:41'),
(871,	3,	'S',	'紅',	5000,	'2024-04-26 12:11:41',	'2024-04-26 12:11:41'),
(872,	3,	'S',	'橙',	5000,	'2024-04-26 12:11:41',	'2024-04-26 12:11:41'),
(873,	3,	'S',	'黃',	5000,	'2024-04-26 12:11:41',	'2024-04-26 12:11:41'),
(874,	3,	'S',	'綠',	5000,	'2024-04-26 12:11:41',	'2024-04-26 12:11:41'),
(875,	3,	'S',	'藍',	5000,	'2024-04-26 12:11:41',	'2024-04-26 12:11:41'),
(876,	3,	'S',	'紫',	5000,	'2024-04-26 12:11:41',	'2024-04-26 12:11:41'),
(877,	3,	'M',	'紅',	5000,	'2024-04-26 12:11:41',	'2024-04-26 12:11:41'),
(878,	3,	'M',	'橙',	5000,	'2024-04-26 12:11:41',	'2024-04-26 12:11:41'),
(879,	3,	'M',	'黃',	5000,	'2024-04-26 12:11:41',	'2024-04-26 12:11:41'),
(880,	3,	'M',	'綠',	5000,	'2024-04-26 12:11:41',	'2024-04-26 12:11:41'),
(881,	3,	'M',	'藍',	5000,	'2024-04-26 12:11:41',	'2024-04-26 12:11:41'),
(882,	3,	'M',	'紫',	5000,	'2024-04-26 12:11:41',	'2024-04-26 12:11:41'),
(883,	3,	'L',	'紅',	5000,	'2024-04-26 12:11:41',	'2024-04-26 12:11:41'),
(884,	3,	'L',	'橙',	5000,	'2024-04-26 12:11:41',	'2024-04-26 12:11:41'),
(885,	3,	'L',	'黃',	5000,	'2024-04-26 12:11:41',	'2024-04-26 12:11:41'),
(886,	3,	'L',	'綠',	5000,	'2024-04-26 12:11:41',	'2024-04-26 12:11:41'),
(887,	3,	'L',	'藍',	5000,	'2024-04-26 12:11:41',	'2024-04-26 12:11:41'),
(888,	3,	'L',	'紫',	5000,	'2024-04-26 12:11:41',	'2024-04-26 12:11:41'),
(889,	3,	'XL',	'紅',	5000,	'2024-04-26 12:11:41',	'2024-04-26 12:11:41'),
(890,	3,	'XL',	'橙',	5000,	'2024-04-26 12:11:41',	'2024-04-26 12:11:41'),
(891,	3,	'XL',	'黃',	5000,	'2024-04-26 12:11:41',	'2024-04-26 12:11:41'),
(892,	3,	'XL',	'綠',	5000,	'2024-04-26 12:11:41',	'2024-04-26 12:11:41'),
(893,	3,	'XL',	'藍',	5000,	'2024-04-26 12:11:41',	'2024-04-26 12:11:41'),
(894,	3,	'XL',	'紫',	5000,	'2024-04-26 12:11:41',	'2024-04-26 12:11:41'),
(907,	4,	'S',	'紅',	5000,	'2024-04-26 12:11:41',	'2024-04-26 12:11:41'),
(908,	4,	'S',	'橙',	5000,	'2024-04-26 12:11:41',	'2024-04-26 12:11:41'),
(909,	4,	'S',	'黃',	5000,	'2024-04-26 12:11:41',	'2024-04-26 12:11:41'),
(910,	4,	'S',	'綠',	5000,	'2024-04-26 12:11:41',	'2024-04-26 12:11:41'),
(911,	4,	'S',	'藍',	5000,	'2024-04-26 12:11:41',	'2024-04-26 12:11:41'),
(912,	4,	'S',	'紫',	5000,	'2024-04-26 12:11:41',	'2024-04-26 12:11:41'),
(913,	4,	'M',	'紅',	5000,	'2024-04-26 12:11:41',	'2024-04-26 12:11:41'),
(914,	4,	'M',	'橙',	5000,	'2024-04-26 12:11:41',	'2024-04-26 12:11:41'),
(915,	4,	'M',	'黃',	5000,	'2024-04-26 12:11:41',	'2024-04-26 12:11:41'),
(916,	4,	'M',	'綠',	5000,	'2024-04-26 12:11:41',	'2024-04-26 12:11:41'),
(917,	4,	'M',	'藍',	5000,	'2024-04-26 12:11:41',	'2024-04-26 12:11:41'),
(918,	4,	'M',	'紫',	5000,	'2024-04-26 12:11:41',	'2024-04-26 12:11:41'),
(919,	4,	'L',	'紅',	5000,	'2024-04-26 12:11:41',	'2024-04-26 12:11:41'),
(920,	4,	'L',	'橙',	5000,	'2024-04-26 12:11:41',	'2024-04-26 12:11:41'),
(921,	4,	'L',	'黃',	5000,	'2024-04-26 12:11:41',	'2024-04-26 12:11:41'),
(922,	4,	'L',	'綠',	5000,	'2024-04-26 12:11:41',	'2024-04-26 12:11:41'),
(923,	4,	'L',	'藍',	5000,	'2024-04-26 12:11:41',	'2024-04-26 12:11:41'),
(924,	4,	'L',	'紫',	5000,	'2024-04-26 12:11:41',	'2024-04-26 12:11:41'),
(925,	4,	'XL',	'紅',	5000,	'2024-04-26 12:11:41',	'2024-04-26 12:11:41'),
(926,	4,	'XL',	'橙',	5000,	'2024-04-26 12:11:41',	'2024-04-26 12:11:41'),
(927,	4,	'XL',	'黃',	5000,	'2024-04-26 12:11:41',	'2024-04-26 12:11:41'),
(928,	4,	'XL',	'綠',	5000,	'2024-04-26 12:11:41',	'2024-04-26 12:11:41'),
(929,	4,	'XL',	'藍',	5000,	'2024-04-26 12:11:41',	'2024-04-26 12:11:41'),
(930,	4,	'XL',	'紫',	5000,	'2024-04-26 12:11:41',	'2024-04-26 12:11:41'),
(943,	5,	'S',	'紅',	5000,	'2024-04-26 12:11:41',	'2024-04-26 12:11:41'),
(944,	5,	'S',	'橙',	5000,	'2024-04-26 12:11:41',	'2024-04-26 12:11:41'),
(945,	5,	'S',	'黃',	5000,	'2024-04-26 12:11:41',	'2024-04-26 12:11:41'),
(946,	5,	'S',	'綠',	5000,	'2024-04-26 12:11:41',	'2024-04-26 12:11:41'),
(947,	5,	'S',	'藍',	5000,	'2024-04-26 12:11:41',	'2024-04-26 12:11:41'),
(948,	5,	'S',	'紫',	5000,	'2024-04-26 12:11:41',	'2024-04-26 12:11:41'),
(949,	5,	'M',	'紅',	5000,	'2024-04-26 12:11:41',	'2024-04-26 12:11:41'),
(950,	5,	'M',	'橙',	5000,	'2024-04-26 12:11:41',	'2024-04-26 12:11:41'),
(951,	5,	'M',	'黃',	5000,	'2024-04-26 12:11:41',	'2024-04-26 12:11:41'),
(952,	5,	'M',	'綠',	5000,	'2024-04-26 12:11:41',	'2024-04-26 12:11:41'),
(953,	5,	'M',	'藍',	5000,	'2024-04-26 12:11:41',	'2024-04-26 12:11:41'),
(954,	5,	'M',	'紫',	5000,	'2024-04-26 12:11:41',	'2024-04-26 12:11:41'),
(955,	5,	'L',	'紅',	5000,	'2024-04-26 12:11:41',	'2024-04-26 12:11:41'),
(956,	5,	'L',	'橙',	5000,	'2024-04-26 12:11:41',	'2024-04-26 12:11:41'),
(957,	5,	'L',	'黃',	5000,	'2024-04-26 12:11:41',	'2024-04-26 12:11:41'),
(958,	5,	'L',	'綠',	5000,	'2024-04-26 12:11:41',	'2024-04-26 12:11:41'),
(959,	5,	'L',	'藍',	5000,	'2024-04-26 12:11:41',	'2024-04-26 12:11:41'),
(960,	5,	'L',	'紫',	5000,	'2024-04-26 12:11:41',	'2024-04-26 12:11:41'),
(961,	5,	'XL',	'紅',	5000,	'2024-04-26 12:11:41',	'2024-04-26 12:11:41'),
(962,	5,	'XL',	'橙',	5000,	'2024-04-26 12:11:41',	'2024-04-26 12:11:41'),
(963,	5,	'XL',	'黃',	5000,	'2024-04-26 12:11:41',	'2024-04-26 12:11:41'),
(964,	5,	'XL',	'綠',	5000,	'2024-04-26 12:11:41',	'2024-04-26 12:11:41'),
(965,	5,	'XL',	'藍',	5000,	'2024-04-26 12:11:41',	'2024-04-26 12:11:41'),
(966,	5,	'XL',	'紫',	5000,	'2024-04-26 12:11:41',	'2024-04-26 12:11:41'),
(979,	6,	'S',	'紅',	5000,	'2024-04-26 12:11:41',	'2024-04-26 12:11:41'),
(980,	6,	'S',	'橙',	5000,	'2024-04-26 12:11:41',	'2024-04-26 12:11:41'),
(981,	6,	'S',	'黃',	5000,	'2024-04-26 12:11:41',	'2024-04-26 12:11:41'),
(982,	6,	'S',	'綠',	5000,	'2024-04-26 12:11:41',	'2024-04-26 12:11:41'),
(983,	6,	'S',	'藍',	5000,	'2024-04-26 12:11:41',	'2024-04-26 12:11:41'),
(984,	6,	'S',	'紫',	5000,	'2024-04-26 12:11:41',	'2024-04-26 12:11:41'),
(985,	6,	'M',	'紅',	5000,	'2024-04-26 12:11:41',	'2024-04-26 12:11:41'),
(986,	6,	'M',	'橙',	5000,	'2024-04-26 12:11:41',	'2024-04-26 12:11:41'),
(987,	6,	'M',	'黃',	5000,	'2024-04-26 12:11:41',	'2024-04-26 12:11:41'),
(988,	6,	'M',	'綠',	5000,	'2024-04-26 12:11:41',	'2024-04-26 12:11:41'),
(989,	6,	'M',	'藍',	5000,	'2024-04-26 12:11:41',	'2024-04-26 12:11:41'),
(990,	6,	'M',	'紫',	5000,	'2024-04-26 12:11:41',	'2024-04-26 12:11:41'),
(991,	6,	'L',	'紅',	5000,	'2024-04-26 12:11:41',	'2024-04-26 12:11:41'),
(992,	6,	'L',	'橙',	5000,	'2024-04-26 12:11:41',	'2024-04-26 12:11:41'),
(993,	6,	'L',	'黃',	5000,	'2024-04-26 12:11:41',	'2024-04-26 12:11:41'),
(994,	6,	'L',	'綠',	5000,	'2024-04-26 12:11:41',	'2024-04-26 12:11:41'),
(995,	6,	'L',	'藍',	5000,	'2024-04-26 12:11:41',	'2024-04-26 12:11:41'),
(996,	6,	'L',	'紫',	5000,	'2024-04-26 12:11:41',	'2024-04-26 12:11:41'),
(997,	6,	'XL',	'紅',	5000,	'2024-04-26 12:11:41',	'2024-04-26 12:11:41'),
(998,	6,	'XL',	'橙',	5000,	'2024-04-26 12:11:41',	'2024-04-26 12:11:41'),
(999,	6,	'XL',	'黃',	5000,	'2024-04-26 12:11:41',	'2024-04-26 12:11:41'),
(1000,	6,	'XL',	'綠',	5000,	'2024-04-26 12:11:41',	'2024-04-26 12:11:41'),
(1001,	6,	'XL',	'藍',	5000,	'2024-04-26 12:11:41',	'2024-04-26 12:11:41'),
(1002,	6,	'XL',	'紫',	5000,	'2024-04-26 12:11:41',	'2024-04-26 12:11:41'),
(1015,	7,	'S',	'紅',	5000,	'2024-04-26 12:11:41',	'2024-04-26 12:11:41'),
(1016,	7,	'S',	'橙',	5000,	'2024-04-26 12:11:41',	'2024-04-26 12:11:41'),
(1017,	7,	'S',	'黃',	5000,	'2024-04-26 12:11:41',	'2024-04-26 12:11:41'),
(1018,	7,	'S',	'綠',	5000,	'2024-04-26 12:11:41',	'2024-04-26 12:11:41'),
(1019,	7,	'S',	'藍',	5000,	'2024-04-26 12:11:41',	'2024-04-26 12:11:41'),
(1020,	7,	'S',	'紫',	5000,	'2024-04-26 12:11:41',	'2024-04-26 12:11:41'),
(1021,	7,	'M',	'紅',	5000,	'2024-04-26 12:11:41',	'2024-04-26 12:11:41'),
(1022,	7,	'M',	'橙',	5000,	'2024-04-26 12:11:41',	'2024-04-26 12:11:41'),
(1023,	7,	'M',	'黃',	5000,	'2024-04-26 12:11:41',	'2024-04-26 12:11:41'),
(1024,	7,	'M',	'綠',	5000,	'2024-04-26 12:11:41',	'2024-04-26 12:11:41'),
(1025,	7,	'M',	'藍',	5000,	'2024-04-26 12:11:41',	'2024-04-26 12:11:41'),
(1026,	7,	'M',	'紫',	5000,	'2024-04-26 12:11:41',	'2024-04-26 12:11:41'),
(1027,	7,	'L',	'紅',	5000,	'2024-04-26 12:11:41',	'2024-04-26 12:11:41'),
(1028,	7,	'L',	'橙',	5000,	'2024-04-26 12:11:41',	'2024-04-26 12:11:41'),
(1029,	7,	'L',	'黃',	5000,	'2024-04-26 12:11:41',	'2024-04-26 12:11:41'),
(1030,	7,	'L',	'綠',	5000,	'2024-04-26 12:11:41',	'2024-04-26 12:11:41'),
(1031,	7,	'L',	'藍',	5000,	'2024-04-26 12:11:41',	'2024-04-26 12:11:41'),
(1032,	7,	'L',	'紫',	5000,	'2024-04-26 12:11:41',	'2024-04-26 12:11:41'),
(1033,	7,	'XL',	'紅',	5000,	'2024-04-26 12:11:41',	'2024-04-26 12:11:41'),
(1034,	7,	'XL',	'橙',	5000,	'2024-04-26 12:11:41',	'2024-04-26 12:11:41'),
(1035,	7,	'XL',	'黃',	5000,	'2024-04-26 12:11:41',	'2024-04-26 12:11:41'),
(1036,	7,	'XL',	'綠',	5000,	'2024-04-26 12:11:41',	'2024-04-26 12:11:41'),
(1037,	7,	'XL',	'藍',	5000,	'2024-04-26 12:11:41',	'2024-04-26 12:11:41'),
(1038,	7,	'XL',	'紫',	5000,	'2024-04-26 12:11:41',	'2024-04-26 12:11:41'),
(1051,	8,	'S',	'紅',	5000,	'2024-04-26 12:11:41',	'2024-04-26 12:11:41'),
(1052,	8,	'S',	'橙',	5000,	'2024-04-26 12:11:41',	'2024-04-26 12:11:41'),
(1053,	8,	'S',	'黃',	5000,	'2024-04-26 12:11:41',	'2024-04-26 12:11:41'),
(1054,	8,	'S',	'綠',	5000,	'2024-04-26 12:11:41',	'2024-04-26 12:11:41'),
(1055,	8,	'S',	'藍',	5000,	'2024-04-26 12:11:41',	'2024-04-26 12:11:41'),
(1056,	8,	'S',	'紫',	5000,	'2024-04-26 12:11:41',	'2024-04-26 12:11:41'),
(1057,	8,	'M',	'紅',	5000,	'2024-04-26 12:11:41',	'2024-04-26 12:11:41'),
(1058,	8,	'M',	'橙',	5000,	'2024-04-26 12:11:41',	'2024-04-26 12:11:41'),
(1059,	8,	'M',	'黃',	5000,	'2024-04-26 12:11:41',	'2024-04-26 12:11:41'),
(1060,	8,	'M',	'綠',	5000,	'2024-04-26 12:11:41',	'2024-04-26 12:11:41'),
(1061,	8,	'M',	'藍',	5000,	'2024-04-26 12:11:41',	'2024-04-26 12:11:41'),
(1062,	8,	'M',	'紫',	5000,	'2024-04-26 12:11:41',	'2024-04-26 12:11:41'),
(1063,	8,	'L',	'紅',	5000,	'2024-04-26 12:11:41',	'2024-04-26 12:11:41'),
(1064,	8,	'L',	'橙',	5000,	'2024-04-26 12:11:41',	'2024-04-26 12:11:41'),
(1065,	8,	'L',	'黃',	5000,	'2024-04-26 12:11:41',	'2024-04-26 12:11:41'),
(1066,	8,	'L',	'綠',	5000,	'2024-04-26 12:11:41',	'2024-04-26 12:11:41'),
(1067,	8,	'L',	'藍',	5000,	'2024-04-26 12:11:41',	'2024-04-26 12:11:41'),
(1068,	8,	'L',	'紫',	5000,	'2024-04-26 12:11:41',	'2024-04-26 12:11:41'),
(1069,	8,	'XL',	'紅',	5000,	'2024-04-26 12:11:41',	'2024-04-26 12:11:41'),
(1070,	8,	'XL',	'橙',	5000,	'2024-04-26 12:11:41',	'2024-04-26 12:11:41'),
(1071,	8,	'XL',	'黃',	5000,	'2024-04-26 12:11:41',	'2024-04-26 12:11:41'),
(1072,	8,	'XL',	'綠',	5000,	'2024-04-26 12:11:41',	'2024-04-26 12:11:41'),
(1073,	8,	'XL',	'藍',	5000,	'2024-04-26 12:11:41',	'2024-04-26 12:11:41'),
(1074,	8,	'XL',	'紫',	5000,	'2024-04-26 12:11:41',	'2024-04-26 12:11:41'),
(1087,	9,	'S',	'紅',	5000,	'2024-04-26 12:11:41',	'2024-04-26 12:11:41'),
(1088,	9,	'S',	'橙',	5000,	'2024-04-26 12:11:41',	'2024-04-26 12:11:41'),
(1089,	9,	'S',	'黃',	5000,	'2024-04-26 12:11:41',	'2024-04-26 12:11:41'),
(1090,	9,	'S',	'綠',	5000,	'2024-04-26 12:11:41',	'2024-04-26 12:11:41'),
(1091,	9,	'S',	'藍',	5000,	'2024-04-26 12:11:41',	'2024-04-26 12:11:41'),
(1092,	9,	'S',	'紫',	5000,	'2024-04-26 12:11:41',	'2024-04-26 12:11:41'),
(1093,	9,	'M',	'紅',	5000,	'2024-04-26 12:11:41',	'2024-04-26 12:11:41'),
(1094,	9,	'M',	'橙',	5000,	'2024-04-26 12:11:41',	'2024-04-26 12:11:41'),
(1095,	9,	'M',	'黃',	5000,	'2024-04-26 12:11:41',	'2024-04-26 12:11:41'),
(1096,	9,	'M',	'綠',	5000,	'2024-04-26 12:11:41',	'2024-04-26 12:11:41'),
(1097,	9,	'M',	'藍',	5000,	'2024-04-26 12:11:41',	'2024-04-26 12:11:41'),
(1098,	9,	'M',	'紫',	5000,	'2024-04-26 12:11:41',	'2024-04-26 12:11:41'),
(1099,	9,	'L',	'紅',	5000,	'2024-04-26 12:11:41',	'2024-04-26 12:11:41'),
(1100,	9,	'L',	'橙',	5000,	'2024-04-26 12:11:41',	'2024-04-26 12:11:41'),
(1101,	9,	'L',	'黃',	5000,	'2024-04-26 12:11:41',	'2024-04-26 12:11:41'),
(1102,	9,	'L',	'綠',	5000,	'2024-04-26 12:11:41',	'2024-04-26 12:11:41'),
(1103,	9,	'L',	'藍',	5000,	'2024-04-26 12:11:41',	'2024-04-26 12:11:41'),
(1104,	9,	'L',	'紫',	5000,	'2024-04-26 12:11:41',	'2024-04-26 12:11:41'),
(1105,	9,	'XL',	'紅',	5000,	'2024-04-26 12:11:41',	'2024-04-26 12:11:41'),
(1106,	9,	'XL',	'橙',	5000,	'2024-04-26 12:11:41',	'2024-04-26 12:11:41'),
(1107,	9,	'XL',	'黃',	5000,	'2024-04-26 12:11:41',	'2024-04-26 12:11:41'),
(1108,	9,	'XL',	'綠',	5000,	'2024-04-26 12:11:41',	'2024-04-26 12:11:41'),
(1109,	9,	'XL',	'藍',	5000,	'2024-04-26 12:11:41',	'2024-04-26 12:11:41'),
(1110,	9,	'XL',	'紫',	5000,	'2024-04-26 12:11:41',	'2024-04-26 12:11:41'),
(1123,	10,	'S',	'紅',	5000,	'2024-04-26 12:11:41',	'2024-04-26 12:11:41'),
(1124,	10,	'S',	'橙',	5000,	'2024-04-26 12:11:41',	'2024-04-26 12:11:41'),
(1125,	10,	'S',	'黃',	5000,	'2024-04-26 12:11:41',	'2024-04-26 12:11:41'),
(1126,	10,	'S',	'綠',	5000,	'2024-04-26 12:11:41',	'2024-04-26 12:11:41'),
(1127,	10,	'S',	'藍',	5000,	'2024-04-26 12:11:41',	'2024-04-26 12:11:41'),
(1128,	10,	'S',	'紫',	5000,	'2024-04-26 12:11:41',	'2024-04-26 12:11:41'),
(1129,	10,	'M',	'紅',	5000,	'2024-04-26 12:11:41',	'2024-04-26 12:11:41'),
(1130,	10,	'M',	'橙',	5000,	'2024-04-26 12:11:41',	'2024-04-26 12:11:41'),
(1131,	10,	'M',	'黃',	5000,	'2024-04-26 12:11:41',	'2024-04-26 12:11:41'),
(1132,	10,	'M',	'綠',	5000,	'2024-04-26 12:11:41',	'2024-04-26 12:11:41'),
(1133,	10,	'M',	'藍',	5000,	'2024-04-26 12:11:41',	'2024-04-26 12:11:41'),
(1134,	10,	'M',	'紫',	5000,	'2024-04-26 12:11:41',	'2024-04-26 12:11:41'),
(1135,	10,	'L',	'紅',	5000,	'2024-04-26 12:11:41',	'2024-04-26 12:11:41'),
(1136,	10,	'L',	'橙',	5000,	'2024-04-26 12:11:41',	'2024-04-26 12:11:41'),
(1137,	10,	'L',	'黃',	5000,	'2024-04-26 12:11:41',	'2024-04-26 12:11:41'),
(1138,	10,	'L',	'綠',	5000,	'2024-04-26 12:11:41',	'2024-04-26 12:11:41'),
(1139,	10,	'L',	'藍',	5000,	'2024-04-26 12:11:41',	'2024-04-26 12:11:41'),
(1140,	10,	'L',	'紫',	5000,	'2024-04-26 12:11:41',	'2024-04-26 12:11:41'),
(1141,	10,	'XL',	'紅',	5000,	'2024-04-26 12:11:41',	'2024-04-26 12:11:41'),
(1142,	10,	'XL',	'橙',	5000,	'2024-04-26 12:11:41',	'2024-04-26 12:11:41'),
(1143,	10,	'XL',	'黃',	5000,	'2024-04-26 12:11:41',	'2024-04-26 12:11:41'),
(1144,	10,	'XL',	'綠',	5000,	'2024-04-26 12:11:41',	'2024-04-26 12:11:41'),
(1145,	10,	'XL',	'藍',	5000,	'2024-04-26 12:11:41',	'2024-04-26 12:11:41'),
(1146,	10,	'XL',	'紫',	5000,	'2024-04-26 12:11:41',	'2024-04-26 12:11:41'),
(1159,	13,	'S',	'紅',	5000,	'2024-04-26 12:11:41',	'2024-04-26 12:11:41'),
(1160,	13,	'S',	'橙',	5000,	'2024-04-26 12:11:41',	'2024-04-26 12:11:41'),
(1161,	13,	'S',	'黃',	5000,	'2024-04-26 12:11:41',	'2024-04-26 12:11:41'),
(1162,	13,	'S',	'綠',	5000,	'2024-04-26 12:11:41',	'2024-04-26 12:11:41'),
(1163,	13,	'S',	'藍',	5000,	'2024-04-26 12:11:41',	'2024-04-26 12:11:41'),
(1164,	13,	'S',	'紫',	5000,	'2024-04-26 12:11:41',	'2024-04-26 12:11:41'),
(1165,	13,	'M',	'紅',	5000,	'2024-04-26 12:11:41',	'2024-04-26 12:11:41'),
(1166,	13,	'M',	'橙',	5000,	'2024-04-26 12:11:41',	'2024-04-26 12:11:41'),
(1167,	13,	'M',	'黃',	5000,	'2024-04-26 12:11:41',	'2024-04-26 12:11:41'),
(1168,	13,	'M',	'綠',	5000,	'2024-04-26 12:11:41',	'2024-04-26 12:11:41'),
(1169,	13,	'M',	'藍',	5000,	'2024-04-26 12:11:41',	'2024-04-26 12:11:41'),
(1170,	13,	'M',	'紫',	5000,	'2024-04-26 12:11:41',	'2024-04-26 12:11:41'),
(1171,	13,	'L',	'紅',	5000,	'2024-04-26 12:11:41',	'2024-04-26 12:11:41'),
(1172,	13,	'L',	'橙',	5000,	'2024-04-26 12:11:41',	'2024-04-26 12:11:41'),
(1173,	13,	'L',	'黃',	5000,	'2024-04-26 12:11:41',	'2024-04-26 12:11:41'),
(1174,	13,	'L',	'綠',	5000,	'2024-04-26 12:11:41',	'2024-04-26 12:11:41'),
(1175,	13,	'L',	'藍',	5000,	'2024-04-26 12:11:41',	'2024-04-26 12:11:41'),
(1176,	13,	'L',	'紫',	5000,	'2024-04-26 12:11:41',	'2024-04-26 12:11:41'),
(1177,	13,	'XL',	'紅',	5000,	'2024-04-26 12:11:41',	'2024-04-26 12:11:41'),
(1178,	13,	'XL',	'橙',	5000,	'2024-04-26 12:11:41',	'2024-04-26 12:11:41'),
(1179,	13,	'XL',	'黃',	5000,	'2024-04-26 12:11:41',	'2024-04-26 12:11:41'),
(1180,	13,	'XL',	'綠',	5000,	'2024-04-26 12:11:41',	'2024-04-26 12:11:41'),
(1181,	13,	'XL',	'藍',	5000,	'2024-04-26 12:11:41',	'2024-04-26 12:11:41'),
(1182,	13,	'XL',	'紫',	5000,	'2024-04-26 12:11:41',	'2024-04-26 12:11:41'),
(1189,	1,	'2XL',	'紅',	5000,	'2024-05-07 06:59:11',	'2024-05-07 06:59:11'),
(1190,	1,	'2XL',	'橙',	5000,	'2024-05-07 06:59:11',	'2024-05-07 06:59:11'),
(1191,	1,	'2XL',	'黃',	5000,	'2024-05-07 06:59:11',	'2024-05-07 06:59:11'),
(1192,	1,	'2XL',	'綠',	5000,	'2024-05-07 06:59:11',	'2024-05-07 06:59:11'),
(1193,	1,	'2XL',	'藍',	5000,	'2024-05-07 06:59:11',	'2024-05-07 06:59:11'),
(1194,	1,	'2XL',	'紫',	5000,	'2024-05-07 06:59:11',	'2024-05-07 06:59:11');

DROP TABLE IF EXISTS `tracked_items`;
CREATE TABLE `tracked_items` (
  `id` bigint(20) unsigned NOT NULL AUTO_INCREMENT,
  `user_id` bigint(20) unsigned NOT NULL,
  `product_id` bigint(20) unsigned NOT NULL,
  `created_at` timestamp NULL DEFAULT NULL,
  `updated_at` timestamp NULL DEFAULT NULL,
  PRIMARY KEY (`id`)
) ENGINE=InnoDB DEFAULT CHARSET=utf8mb4 COLLATE=utf8mb4_unicode_ci;

INSERT INTO `tracked_items` (`id`, `user_id`, `product_id`, `created_at`, `updated_at`) VALUES
(13,	1,	13,	'2024-04-24 03:32:31',	'2024-04-24 03:32:31'),
(14,	1,	1,	'2024-05-01 19:43:33',	'2024-05-01 19:43:33');

DROP TABLE IF EXISTS `trial_items`;
CREATE TABLE `trial_items` (
  `id` bigint(20) unsigned NOT NULL AUTO_INCREMENT,
  `product_id` bigint(20) unsigned NOT NULL,
  `trial_product_id` bigint(20) unsigned NOT NULL,
  `created_at` timestamp NULL DEFAULT NULL,
  `updated_at` timestamp NULL DEFAULT NULL,
  PRIMARY KEY (`id`)
) ENGINE=InnoDB DEFAULT CHARSET=utf8mb4 COLLATE=utf8mb4_unicode_ci;

INSERT INTO `trial_items` (`id`, `product_id`, `trial_product_id`, `created_at`, `updated_at`) VALUES
(10,	10,	13,	'2024-05-01 01:41:28',	'2024-05-01 01:41:28');

DROP TABLE IF EXISTS `users`;
CREATE TABLE `users` (
  `id` bigint(20) unsigned NOT NULL AUTO_INCREMENT,
  `name` varchar(255) COLLATE utf8mb4_unicode_ci NOT NULL,
  `email` varchar(255) COLLATE utf8mb4_unicode_ci NOT NULL,
  `email_verified_at` timestamp NULL DEFAULT NULL,
  `password` varchar(255) COLLATE utf8mb4_unicode_ci NOT NULL,
  `sex` int(11) NOT NULL,
  `birthday` date NOT NULL,
  `address` varchar(255) COLLATE utf8mb4_unicode_ci NOT NULL,
  `phone` varchar(255) COLLATE utf8mb4_unicode_ci NOT NULL,
  `remember_token` varchar(100) COLLATE utf8mb4_unicode_ci DEFAULT NULL,
  `created_at` timestamp NULL DEFAULT NULL,
  `updated_at` timestamp NULL DEFAULT NULL,
  PRIMARY KEY (`id`),
  UNIQUE KEY `users_email_unique` (`email`)
) ENGINE=InnoDB DEFAULT CHARSET=utf8mb4 COLLATE=utf8mb4_unicode_ci;

INSERT INTO `users` (`id`, `name`, `email`, `email_verified_at`, `password`, `sex`, `birthday`, `address`, `phone`, `remember_token`, `created_at`, `updated_at`) VALUES
(1,	'Fuuzuki',	'yaesakura716207@gmail.com',	NULL,	'$2y$12$hA9OvXww9FpjuWLfjrHE..4Zeq/xUQYND9.lZHD75/ijiorFgfzyO',	1,	'2024-03-07',	'我心裡',	'0912345678',	NULL,	'2024-03-12 19:50:09',	'2024-03-13 19:47:45'),
(2,	'admin',	'yaesakura0417@gmail.com',	NULL,	'$2y$12$LBjX/J7yqIRvmxx3XrzANuGTKSy/L541GS0YRb4gXs3Kvq9ZXxbmm',	1,	'2009-05-21',	'你心裡',	'0987878787',	NULL,	'2024-04-10 18:08:22',	'2024-04-10 18:08:22');

-- 2024-05-09 00:19:23
